word_count,character_count,sentence_count,lexical_diversity,avg_sentence_length,avg_word_length,punctuation_ratio,flesch_reading_ease,gunning_fog_index,grammar_errors,passive_voice_ratio,predictability_score,burstiness,sentiment_score,content_type,label,_split,_original_index,_curated_at_utc,_predicted_label,_classifier
0.42648571447990435,0.41321733328898447,0.5222333980032776,-0.22952972910237548,-0.6483627607780109,-0.1868611994547655,0.5785235920847347,-0.01110597575147742,-0.25087294579347985,-0.7970658145992735,0.11721972784608498,-0.28609259623309524,-0.15487979117318507,-0.7300623470729986,1,0,test,785,2026-10-09T14:53:13.432435+00:00,1,LogisticRegression
0.4572127020387813,0.4086432650703694,0.2988497353410793,-0.2029932372567111,1.105070989538132,-0.6319077750946303,-0.7419071769404062,0.6764725540226876,-0.5950416580520258,-0.7970658145992735,1.553102212480356,-1.0065286858792486,-0.7438913192210155,-0.7437031767319258,2,1,test,145,2026-10-09T14:53:13.432435+00:00,0,LogisticRegression
0.06800419295967354,0.12200165670382787,0.019620157013331318,-1.0900702503831672,0.3763712491470087,0.8886680250082402,-0.7819202305472298,-1.3590820392472405,0.8034851727128597,0.738526903421301,-0.42675543238436453,1.0948900303746907,1.7640288426111377,-1.0940480296175379,4,1,test,9,2026-10-09T14:53:13.432435+00:00,0,LogisticRegression
1.901381117305997,1.7823884200610818,1.9183812896420172,-2.0264293197944205,-0.12460982237189103,-0.854431062914561,0.37845832405062346,-0.01110597575147742,-0.5458746991579478,3.2978481001222586,0.26027813037422265,1.0667067114643278,1.256449781969411,0.7543707235320314,0,0,test,1181,2026-10-09T14:53:13.432435+00:00,0,LogisticRegression
-0.7308974835711266,-0.7196268955213367,-0.7063767466388133,0.13060837451733642,-0.39787222501856306,0.369447020095063,0.09836694880286502,-1.0308966795014456,0.18070369338787143,-0.7970658145992735,-1.6295057054913007,-0.6193603423481372,-0.7478880047378793,0.0246726711443547,1,1,test,92,2026-10-09T14:53:13.432435+00:00,1,LogisticRegression
-0.3109619869331419,-0.3003373088149594,-0.2596094213144166,1.229977322409095,-0.5572752932291203,0.2210981615484414,0.2984322168369776,-0.01110597575147742,-0.2180949731974276,-0.7970658145992735,0.7883579125459905,-0.09479831912900653,-0.19384747496260882,-0.25867671455564,4,1,test,577,2026-10-09T14:53:13.432435+00:00,0,LogisticRegression
0.7747249068138429,0.8294575411829517,0.8014629763310256,-0.17266581800452802,-0.19292542303355753,0.6290575225516516,-0.2217374800517143,-0.33224441059475457,0.9783010265584705,0.22666266408110952,0.915520937015446,1.5102416928161653,0.8008276330469165,1.2373251609499991,4,0,test,1207,2026-10-09T14:53:13.432435+00:00,1,LogisticRegression
-0.5158085706589881,-0.5198925833084806,-0.48299308397661495,-0.03240150396316445,-0.4434159587930074,-0.11268677018145634,0.33844527044379985,-0.4087538809649396,-0.07605709194786907,0.22666266408110952,-0.21658321138623637,0.6679127488826915,-0.011498698255689437,0.07543727772314716,2,1,test,46,2026-10-09T14:53:13.432435+00:00,1,LogisticRegression
-0.9255017381106805,-0.954429064076908,-0.9297604093010117,1.229977322409095,0.17142444716200317,-1.4478264971010473,0.45848443126426797,0.5113731705922878,0.1260737390611183,-0.285201575259082,0.6064441414299634,0.3353495857404084,0.4281367085993495,1.0107837873738912,5,0,test,844,2026-10-09T14:53:13.432435+00:00,0,LogisticRegression
-0.3007196577468496,-0.3125348240645995,-0.14791758998331744,0.5476103892349,-1.4909218356052492,-0.26103562872807795,1.4988238250416517,1.1768042221013986,-1.714955721750469,0.738526903421301,-1.6118441743149874,1.2150214272301127,0.6994117380564928,-0.4748579643401575,2,1,test,674,2026-10-09T14:53:13.432435+00:00,0,LogisticRegression
-0.11635773239358803,-0.07925734491523322,-0.14791758998331744,-0.8284962593330586,0.28528378159811807,0.703231951824964,-0.6218680161199395,-0.3332511141522568,0.9783010265584705,-0.7970658145992735,0.5181364855483969,-1.1449792400264067,-1.1425606995281983,0.6561222162417834,1,0,test,1144,2026-10-09T14:53:13.432435+00:00,1,LogisticRegression
-1.0586520175324805,-1.0809782847919236,-0.9856063249665613,0.20642692264780255,-1.9691310402369249,-1.5220009263743597,2.8192545940667952,1.0429126489535738,-1.9553275207881837,-0.7970658145992735,-0.523893853854088,-0.25509094543169586,-0.7334000197392475,0.0246726711443547,1,1,test,194,2026-10-09T14:53:13.432435+00:00,0,LogisticRegression
-0.14708471995246497,-0.12042395888276844,-0.14791758998331744,0.9304940572937535,-0.010750487935776163,0.5177958786416845,-0.3017635872653588,-1.021836347483924,0.8690411179049633,-0.7970658145992735,-0.658121490794069,-1.0354165877623707,-1.3194140336494298,-0.5845026078011548,2,1,test,249,2026-10-09T14:53:13.432435+00:00,1,LogisticRegression
-0.8742900921792189,-0.8278798433618922,-0.873914493635462,0.5400285344218543,0.03479324583866816,2.0012844641079006,-0.9419724449745188,-1.418477549139884,2.61719965636107,-0.7970658145992735,0.2903027333739554,-1.2816683367416672,-0.24280687254419284,-1.002015596602244,5,0,test,1158,2026-10-09T14:53:13.432435+00:00,1,LogisticRegression
1.7682308378841969,1.8479500645278972,1.5833057956487198,-2.2842123834380064,0.7179492524553472,0.6290575225516516,-0.9419724449745188,-0.7349258335957294,0.39922351069488493,-0.7970658145992735,-0.9389398364974505,-0.7630952687909885,-0.7608772326676875,1.0254606294119775,0,0,test,1356,2026-10-09T14:53:13.432435+00:00,1,LogisticRegression
-0.3826582912371881,-0.3933433625934649,-0.3713012526455158,0.49453740554357545,-0.14738168925911319,-0.26103562872807795,0.13838000240968726,0.11976548672383981,-0.4147628087737398,-0.7970658145992735,0.17726893384554995,-1.440904088585218,-0.16736943341338503,0.45824385182240873,3,0,test,1167,2026-10-09T14:53:13.432435+00:00,0,LogisticRegression
0.6108476398331659,0.5809331679715354,0.5780793136688271,-0.47594001052639245,0.17142444716200317,-0.3352100580013871,-0.10169831923124757,0.42580336820458053,-0.3109658955529087,-0.285201575259082,0.572887232194968,-1.1344104954350207,-1.260462922275686,-1.1726123017037642,5,1,test,404,2026-10-09T14:53:13.432435+00:00,1,LogisticRegression
-0.9459863964832651,-0.9132624501093727,-0.9856063249665613,1.229977322409095,1.1733865901998006,1.630412317741348,-1.622194356290501,-0.31513045011721297,-0.10337206911124563,-0.7970658145992735,-0.8947860085566671,-0.13707329749455086,-0.3492186244306965,-1.5374613278976026,5,0,test,710,2026-10-09T14:53:13.432435+00:00,0,LogisticRegression
-1.273740930444619,-1.2593669453179097,-1.2648359032943093,1.229977322409095,-0.35232849124411675,2.0012844641079006,-0.5418419089062936,-0.01110597575147742,2.480624770544187,0.22666266408110952,0.9596747649562293,1.0656498370051892,0.7488707213276842,-1.1059621719778667,7,0,test,1101,2026-10-09T14:53:13.432435+00:00,1,LogisticRegression
0.5289090063428274,0.501649318848875,0.5780793136688271,-0.3508394061111204,-0.35232849124411675,-0.3352100580013871,0.33844527044379985,0.4630513998321705,-0.021427137621115932,0.738526903421301,-1.6365703179618256,-0.4093946164659332,0.624473884615293,-1.595650689860368,2,0,test,1249,2026-10-09T14:53:13.432435+00:00,0,LogisticRegression
-0.4850815831001112,-0.47110252230992034,-0.42714716831106536,0.41492793000658645,-0.7166783614396794,0.369447020095063,0.41847137765744574,0.01003479895607384,-0.19624299146672625,-0.7970658145992735,1.6520067870677109,-0.347039023376755,-0.4746146325223042,1.0546416447582903,3,0,test,789,2026-10-09T14:53:13.432435+00:00,1,LogisticRegression
-1.2839832596309113,-1.2868113546295998,-1.2648359032943093,1.229977322409095,-1.1038000985224643,-0.6689949897312848,1.378784664221185,-0.8517034462660117,-1.5947698222316118,0.738526903421301,-0.0028786841528454644,-0.24557907529944825,0.4885865770419173,1.2590814209123387,7,0,test,1174,2026-10-09T14:53:13.432435+00:00,0,LogisticRegression
-1.2225292845131575,-1.2425953618496546,-1.2089899876287595,1.229977322409095,-0.5345034263418981,-2.449181292290744,1.6988890930757643,2.0425692815534946,-1.960790516220859,0.22666266408110952,-0.30489086726780296,0.8785830577376548,0.9392128690683318,1.0510156014312335,7,1,test,82,2026-10-09T14:53:13.432435+00:00,0,LogisticRegression
-1.1201059926502344,-1.129768345790484,-1.15314407196321,1.229977322409095,1.628823927944254,-0.854431062914561,-0.981985498581341,-0.18627239475690094,0.027739821272961988,-0.7970658145992735,1.6043206528916647,-1.1756285993414264,-0.6284870249215677,-0.24486321616685292,5,0,test,952,2026-10-09T14:53:13.432435+00:00,0,LogisticRegression
-1.2327716136994498,-1.2502188088806796,-1.2648359032943093,1.229977322409095,2.699101671643718,-2.263745219107468,-1.0620116057949869,2.526793692712167,-2.687368908766678,-0.285201575259082,-0.02054021532915878,1.0783323305148524,1.011153208371884,1.2723769131115463,7,1,test,541,2026-10-09T14:53:13.432435+00:00,0,LogisticRegression
2.2188933220810587,2.177282976268179,2.2534567836353148,-1.211379927391912,-0.17015355614633537,-0.26103562872807795,0.1783930560165109,0.5949295658649899,-0.2727249275241812,0.738526903421301,-1.0572720953787496,-1.1178527955751825,-1.4657926407045734,0.7479819805272174,0,0,test,934,2026-10-09T14:53:13.432435+00:00,1,LogisticRegression
1.010298478098566,0.9804017923972476,0.9131548076621248,-0.6730682356656035,0.4674587166958994,-0.2981228433647325,-0.3817896944790046,0.25869057765917564,0.38829751982953453,1.762255382101684,0.8183825155457227,1.546527715913257,0.8238085747688841,0.13742535174282913,0,0,test,1074,2026-10-09T14:53:13.432435+00:00,0,LogisticRegression
1.0000561489122737,0.9697289665538125,0.9131548076621248,-1.3175258947745654,0.4219149829214531,-0.2981228433647325,-0.3417766408721824,0.16305373969644457,-0.24540995036080465,2.7859838607820673,-1.5323672840215774,1.6300207981852075,0.7593620208094527,1.0684551431470772,4,1,test,105,2026-10-09T14:53:13.432435+00:00,1,LogisticRegression
-0.21878102425651114,-0.2393497325667591,-0.2596094213144166,0.2746636159652229,0.4219149829214531,-0.4093844872746995,-0.2617505336585365,0.5929161587499847,-0.7043015667055326,0.738526903421301,0.3574165518439459,-0.059569170491052814,1.2399634542123472,-0.2717995380249877,2,1,test,307,2026-10-09T14:53:13.432435+00:00,0,LogisticRegression
-0.7001704960122497,-0.6754109027413915,-0.7622226623043629,1.229977322409095,1.1733865901998006,0.8144935957349277,-1.342102981042744,-0.01110597575147742,-0.7097645621382077,-0.285201575259082,-1.5535611214331533,0.8081247604617474,0.6474548263372606,1.5294806518728454,1,1,test,228,2026-10-09T14:53:13.432435+00:00,0,LogisticRegression
-0.546535558217865,-0.5671579549008359,-0.5388389996421645,0.794020670658917,-0.10183795548466684,-0.5948205604579757,0.25841916323015535,0.807344016498004,-0.9501363611759226,0.738526903421301,-1.2974689193766105,0.8930270086792157,0.6444573121996129,1.502371661284851,4,0,test,971,2026-10-09T14:53:13.432435+00:00,0,LogisticRegression
0.9693291613533968,0.9636302089289924,0.9690007233276743,-0.8664055333982916,-0.03352235482300035,-0.038512340908143906,-0.061685265624423946,-0.07754841054663791,-0.07059409651519384,-0.7970658145992735,-1.595948796256305,-0.4580108415863092,-0.6105019400956798,0.9296294843397672,0,1,test,255,2026-10-09T14:53:13.432435+00:00,1,LogisticRegression
-0.5260508998452804,-0.47415190112233035,-0.5388389996421645,-0.4721490831198696,0.17142444716200317,1.4078890299214142,-0.8219332841540521,-0.7047247268706565,0.016813830407611554,-0.7970658145992735,-0.2978262547972774,-1.3574110063132676,-0.13939263479533714,-1.620342318230325,1,1,test,7,2026-10-09T14:53:13.432435+00:00,1,LogisticRegression
-1.243013942885742,-1.2441200512558594,-1.2089899876287595,1.229977322409095,-1.6730967707030306,-0.2981228433647325,1.8189282538962324,2.0727703882785673,-3.1080195570826787,-0.285201575259082,0.31502887702079374,0.5424969797315761,1.0036594230277638,0.0246726711443547,7,0,test,1243,2026-10-09T14:53:13.432435+00:00,0,LogisticRegression
0.43672804366619666,0.44828518963169967,0.35469565100662886,0.19505414042823388,0.5357743173575659,0.14692373227513225,-0.6218680161199395,0.21942913891658056,0.44839046958896284,-0.7970658145992735,0.5658226197244429,-0.9420593438717934,-1.0621274035013104,1.5937134193807052,2,1,test,25,2026-10-09T14:53:13.432435+00:00,1,LogisticRegression
-0.280234999374265,-0.2683188312846542,-0.3713012526455158,-0.7830051304547798,1.059527255763688,0.2581853761850993,-1.0620116057949869,-0.12486347774925233,0.24625963857997502,0.738526903421301,0.7512686970757322,1.9661068761912863,0.016478100362358455,0.20787419352564315,3,1,test,232,2026-10-09T14:53:13.432435+00:00,1,LogisticRegression
0.5493936647154121,0.5656862739094853,0.5222333980032776,-0.7223502919504052,0.12588071338755885,0.2210981615484414,-0.3017635872653588,0.020101834531098352,0.10422175733041696,1.762255382101684,-0.8488660274982527,1.5916210261698378,0.6074879711686206,-0.04301347096070192,3,1,test,682,2026-10-09T14:53:13.432435+00:00,1,LogisticRegression
0.3957587269210274,0.3857729239772943,0.35469565100662886,0.38460051075439916,0.2397400478236717,-0.11268677018145634,-0.2617505336585365,-0.0020456437339551456,-0.23994695492812895,-0.285201575259082,0.29383503960921764,0.5562363477003781,1.8469600670860657,-1.4378314707684758,5,0,test,1223,2026-10-09T14:53:13.432435+00:00,0,LogisticRegression
-0.9152594089243882,-0.9285093441714228,-0.8180685779699125,1.229977322409095,-1.9235873064624804,-0.6689949897312848,2.2590718435712787,1.390225376291915,-0.9883773292046496,-0.7970658145992735,1.5160129970100982,-1.1643552717772814,-0.1718657046198571,0.6827132006401986,1,1,test,45,2026-10-09T14:53:13.432435+00:00,0,LogisticRegression
-1.007440371601019,-0.9742500263575731,-0.9856063249665613,1.229977322409095,-0.5345034263418981,1.852935605561279,-0.3817896944790046,-0.9986821656613676,-0.3983738224757136,-0.7970658145992735,1.7049913805966503,-0.9639014160273246,-0.3622078523605044,-1.4057150870145458,1,1,test,373,2026-10-09T14:53:13.432435+00:00,0,LogisticRegression
-1.1508329802091113,-1.141965861040124,-1.15314407196321,1.229977322409095,0.26251191471089386,0.6661447371883061,-0.5818549625131172,-1.1355938494816988,0.19709267968589758,-0.7970658145992735,0.016549000141098988,-0.5390378834536029,-1.3878572731257257,-1.1380785557317965,7,0,test,1028,2026-10-09T14:53:13.432435+00:00,1,LogisticRegression
-0.13684239076617266,-0.16463995166271367,-0.14791758998331744,0.6348017195849348,0.0803369796131125,-0.5206461311846633,0.058353895196042775,0.7761362062154282,-0.5294857128599217,-0.7970658145992735,-0.5786446005006591,-0.6260538805893485,-1.5177495524238054,0.0386588382630016,2,1,test,564,2026-10-09T14:53:13.432435+00:00,1,LogisticRegression
-1.2327716136994498,-1.2258237783813994,-1.15314407196321,1.229977322409095,-3.3809867872447295,0.703231951824964,3.619515666203243,0.6704323326776727,-1.086711246992806,0.22666266408110952,0.06600128743477617,0.14018010228614508,0.560027330655861,-0.16439958805216823,7,1,test,84,2026-10-09T14:53:13.432435+00:00,0,LogisticRegression
-0.577262545776742,-0.6052751900559611,-0.5946849153077142,-1.0256244844722697,0.26251191471089386,-0.8173438482779064,0.058353895196042775,0.7902300560204625,-0.040547621635479675,-0.7970658145992735,1.1062654737196296,-1.0333028388440935,-1.1600461986644783,-1.2458238431643356,5,1,test,618,2026-10-09T14:53:13.432435+00:00,1,LogisticRegression
-1.109863663463942,-1.0520091860740284,-1.0972981562976605,1.229977322409095,-0.35232849124411675,4.337778986217188,-1.4221290882563884,-3.0855786403639196,1.7977503414597704,0.738526903421301,-1.3186627567881866,1.0723433752464002,1.5332202540122422,1.0007690010420207,1,1,test,347,2026-10-09T14:53:13.432435+00:00,1,LogisticRegression
-0.9869557132284343,-0.9269846547652179,-0.9856063249665613,0.3694368011283034,0.03479324583866816,3.262249761754182,-1.3821160346495662,-3.973491178081069,3.015998322946369,-0.285201575259082,-1.2992350724942419,1.9326391849852302,-0.07894276635276931,0.3838236292528184,6,0,test,1137,2026-10-09T14:53:13.432435+00:00,1,LogisticRegression
0.5084243479702428,0.507748076473695,0.41054156667217845,-0.16508396319148225,0.6268617849064566,-0.0014251262714893337,-0.6218680161199395,-0.18224558052689127,-0.125224050841947,-0.7970658145992735,0.23201968049212154,-1.3697412083365514,-0.888271583517727,1.0354754157438482,0,0,test,842,2026-10-09T14:53:13.432435+00:00,1,LogisticRegression
-0.44411226635494194,-0.43908404477961516,-0.3713012526455158,0.4490462766652966,-0.8533095627630145,0.10983651763847768,0.6585496992983806,0.02110853808860059,1.022004990019873,-0.7970658145992735,-1.209161263495044,-0.14517600168128034,-1.308922734167662,1.023733942113379,2,0,test,1297,2026-10-09T14:53:13.432435+00:00,1,LogisticRegression
0.016792547028211993,0.03509436055014241,0.019620157013331318,0.16093579376952372,-0.05629422171022252,0.33235980545840843,-0.18172442644489206,0.1247990045113517,0.43200148329093724,-0.7970658145992735,1.1468869954251502,-1.402856608056228,-0.5300686440687921,1.3146807519272066,3,0,test,956,2026-10-09T14:53:13.432435+00:00,1,LogisticRegression
-0.45435459554123425,-0.4299359083423851,-0.48299308397661495,0.4414644218522466,0.3763712491470087,0.6290575225516516,-0.6618810697267618,-0.456068948167554,-0.1798540051687006,-0.7970658145992735,0.4492565139607747,-0.8807606252417538,-0.8872724121385112,-0.8134613435953004,1,1,test,449,2026-10-09T14:53:13.432435+00:00,1,LogisticRegression
0.05776186377338123,0.07626097451767763,0.019620157013331318,-0.32809384167198313,0.3080556484853402,0.29527259082175383,-0.5018288552994714,-0.4168075094249596,0.07690678016704039,1.2503911427614924,-0.017007909093896018,0.8877426363835229,0.9537008540669638,0.7871777822054007,5,1,test,235,2026-10-09T14:53:13.432435+00:00,0,LogisticRegression
1.8501694713745354,1.9211351560257377,1.5833057956487198,-1.014251702252701,1.0367553888764656,0.5548830932783424,-1.1820507666154536,-0.5718398572803348,0.4210754924255858,1.762255382101684,0.22318891490396486,0.5900563303928139,0.3641897403295255,0.4356242482107699,0,0,test,811,2026-10-09T14:53:13.432435+00:00,0,LogisticRegression
-1.273740930444619,-1.2852866652233947,-1.2648359032943093,1.229977322409095,-0.35232849124411675,-1.9299602873775668,1.258745503400717,1.7043168862326756,-1.616621803962313,-0.7970658145992735,-0.9777952050853398,-0.21070221814787424,-0.43714570580170425,-0.8046552383724487,7,1,test,118,2026-10-09T14:53:13.432435+00:00,0,LogisticRegression
0.30357776424439664,0.2759952867305337,0.41054156667217845,0.33910938187612033,-0.7622220952141238,-0.37229727263804163,0.7785888601188473,0.7529820243928725,-0.961062352041273,-0.285201575259082,0.8872624871333449,-0.6123145126205466,-1.0681224317766065,0.4485744029502578,2,1,test,434,2026-10-09T14:53:13.432435+00:00,1,LogisticRegression
2.761736768954551,2.7795352917191574,2.8119159402908105,-2.3751946411945637,-0.21569728992078172,0.10983651763847768,0.018340841589220537,0.2154023246865709,-0.1416130371399731,-0.7970658145992735,-1.2550812445534585,-1.1400471592170933,-0.6030081547515599,-0.4696779024443623,0,0,test,839,2026-10-09T14:53:13.432435+00:00,1,LogisticRegression
0.027034876214504303,0.007649951238452257,0.1313119883444305,-0.3622121883306933,-0.8533095627630145,-0.3352100580013871,0.8586149673324931,0.5627150520249119,-0.7370795393015843,0.22666266408110952,-0.1953893739746603,-0.41855419511180114,0.18483847776025403,0.0246726711443547,5,1,test,183,2026-10-09T14:53:13.432435+00:00,1,LogisticRegression
-1.3351949055623729,-1.34474955206539,-1.3206818189598588,1.229977322409095,-1.1038000985224643,-2.63461736547402,2.579176272425859,3.9744334084006705,-3.0533896027559253,-0.7970658145992735,0.7424379314875755,-0.8324966916077573,-0.4441399054562163,0.3983278025610448,7,0,test,883,2026-10-09T14:53:13.432435+00:00,0,LogisticRegression
0.5493936647154121,0.5275690387543601,0.46638748233772803,-0.5290129942177171,0.5130024504703438,-0.26103562872807795,-0.4218027480858269,-0.21546679792447224,-0.19624299146672625,0.738526903421301,1.5354406813040427,-0.03631793239000323,0.192332263104374,1.339717717756883,3,1,test,475,2026-10-09T14:53:13.432435+00:00,0,LogisticRegression
0.9590868321671044,0.9758277241786325,0.9690007233276743,-1.2000071451723433,-0.10183795548466684,0.18401094691178682,-0.10169831923124757,0.07849064086623952,-0.15800202343799924,1.2503911427614924,0.005069004876495135,0.7440077099406719,0.1268865377657262,0.4411496475662847,0,1,test,510,2026-10-09T14:53:13.432435+00:00,1,LogisticRegression
0.016792547028211993,0.1098041414541878,-0.03622575865221827,0.430091639632678,0.44468684980867523,1.5933251031046902,-1.102024659401809,-1.3973367744323326,0.787096186414833,-0.285201575259082,-1.5323672840215774,0.1489873894456335,0.7533669925341563,-1.6086008445998559,6,1,test,165,2026-10-09T14:53:13.432435+00:00,0,LogisticRegression
1.9423504340511661,1.9119870195885076,1.9742272053075667,-1.7572734739312663,-0.17015355614633537,-0.22394841409142008,0.13838000240968726,0.39660896503700993,-0.8463394479550911,2.2741196214418755,-0.34374623585569236,1.9157291936390122,0.4031574241189495,-1.610672869358174,0,0,test,1084,2026-10-09T14:53:13.432435+00:00,1,LogisticRegression
0.3445470809895659,0.3964457498207294,0.1871579040099801,-1.1658887985136333,1.1733865901998006,0.7403191664616185,-1.342102981042744,-0.9634475411487828,1.4371926429031983,-0.7970658145992735,-1.059038248496381,-1.0403486685716843,-0.4396436342497443,0.49554029747213385,4,1,test,436,2026-10-09T14:53:13.432435+00:00,1,LogisticRegression
0.5084243479702428,0.48487773538061985,0.5780793136688271,-0.36600311573721617,-0.4661878256802296,-0.2981228433647325,0.45848443126426797,0.6291574868200724,-0.23448395949545373,0.738526903421301,1.4806899346574716,1.412656951089033,0.44712096480445357,0.6328119377107052,5,1,test,672,2026-10-09T14:53:13.432435+00:00,1,LogisticRegression
-0.46459692472752656,-0.4284112189361801,-0.48299308397661495,-0.36600311573721617,0.2397400478236717,0.9257552396448948,-0.6618810697267618,-0.8819045529910852,-0.16346501887067447,-0.7970658145992735,1.224597732600929,-0.956855586299734,-0.3172451402957845,-0.213782844792082,2,0,test,1347,2026-10-09T14:53:13.432435+00:00,1,LogisticRegression
0.7747249068138429,0.7684699649347514,0.5780793136688271,-0.8777783156178603,1.1733865901998006,-0.07559955554479848,-1.0219985521881647,-0.15707799158933033,0.7051512549247039,0.22666266408110952,0.7194779409583684,1.18648581683337,0.22330657586006986,-1.2855376510320984,3,1,test,250,2026-10-09T14:53:13.432435+00:00,0,LogisticRegression
-0.0856307448347111,-0.1112758224455384,-0.14791758998331744,0.6537563566175534,0.5813180511320123,-0.48355891654800864,-0.3817896944790046,-0.01110597575147742,-0.9064323977145199,-0.7970658145992735,0.6329364381944333,-0.7025011331337082,-0.7883544455961272,0.3056046946263116,3,1,test,329,2026-10-09T14:53:13.432435+00:00,0,LogisticRegression
-0.34168897449201885,-0.32168296050182954,-0.3154553369799662,0.8774210736024288,-0.3067847574696724,0.44362144936837544,-0.0216722120176017,-0.5899605213153787,0.08783277103239082,-0.7970658145992735,-0.22541397697439305,-0.35655089350900265,-1.235983223484894,-0.13504590397599572,6,0,test,763,2026-10-09T14:53:13.432435+00:00,1,LogisticRegression
0.10897350970484278,0.08388442154870267,0.1871579040099801,-0.024819649150118677,-0.6255908938907888,-0.4093844872746995,0.6585496992983806,1.0932478268286958,-1.124952215021533,-0.7970658145992735,-1.0766997796726943,-0.09409373615624735,-1.243477008829014,-1.1244377260728693,2,0,test,774,2026-10-09T14:53:13.432435+00:00,1,LogisticRegression
-1.109863663463942,-1.0977498682601787,-0.9856063249665613,0.047207971573824545,-3.3809867872447295,0.8515808103715856,3.499476505382778,-0.5547258968027932,0.8253371544435606,-0.7970658145992735,-0.0717586557404676,-1.0791007320734334,-0.16537109065495298,1.5092784104792445,7,0,test,717,2026-10-09T14:53:13.432435+00:00,1,LogisticRegression
-0.2904773285605573,-0.2408744219729641,-0.3154553369799662,-0.8019597674873942,0.26251191471089386,1.0741040981915164,-0.7819202305472298,-1.2121033198518847,-0.040547621635479675,-0.285201575259082,-1.6100780211973558,0.8278530836990016,1.0780976907793556,-0.3918043052775753,3,0,test,1013,2026-10-09T14:53:13.432435+00:00,0,LogisticRegression
-0.20853869507021883,-0.19208436097440382,-0.20376350564886703,0.5968924455197018,-0.07906608859744468,0.33235980545840843,-0.18172442644489206,-0.2597617544545792,0.32274157463743,-0.7970658145992735,0.5799518446654934,1.5197535629484127,1.295917051448443,0.4748200498889532,3,1,test,465,2026-10-09T14:53:13.432435+00:00,0,LogisticRegression
-1.0176827007873113,-1.0123672615126982,-1.0972981562976605,-0.6199952519742746,3.0634515418392807,0.2581853761850993,-2.302416267606483,-0.9282129166361974,0.011350834974936337,1.2503911427614924,-1.1173213013782148,1.9425033466038573,0.9961656376836441,-1.1347978498644595,6,0,test,1138,2026-10-09T14:53:13.432435+00:00,0,LogisticRegression
-0.8640477629929266,-0.8568489420797875,-0.8180685779699125,0.5514013166414229,-0.8988532965374608,0.29527259082175383,0.6185366456915583,-0.3231840785772323,1.2569137936249124,-0.7970658145992735,-1.4175673313755408,-0.27164864529153404,-1.1475565564242782,-1.080061862498891,2,1,test,644,2026-10-09T14:53:13.432435+00:00,1,LogisticRegression
0.2626084474992274,0.26684715029330364,0.1313119883444305,0.08890817304558049,1.0139835219892415,0.07274930300182311,-0.9419724449745188,0.02110853808860059,0.17524069795519623,-0.7970658145992735,-0.2766324173857019,-0.897318325101592,-0.6809435223304077,0.5944794796818211,4,1,test,68,2026-10-09T14:53:13.432435+00:00,1,LogisticRegression
0.18066981400888896,0.1951867482016683,0.1871579040099801,0.03204426194773301,-0.07906608859744468,0.2210981615484414,-0.1417113728380698,-0.09264896390917432,0.22440765684927413,-0.7970658145992735,-1.3098319912000298,-0.1307320507397192,-1.5512217936275412,-0.9932094913793922,5,0,test,1244,2026-10-09T14:53:13.432435+00:00,1,LogisticRegression
-0.20853869507021883,-0.2042818762240439,-0.3713012526455158,0.9153303476676619,1.9020863305909261,0.07274930300182311,-1.5821813026836788,0.5043262456897707,-0.5786526717539996,-0.7970658145992735,-0.6916784000290642,-0.6345088762624576,-1.237481980553718,0.7781990082526892,5,0,test,849,2026-10-09T14:53:13.432435+00:00,1,LogisticRegression
0.13970049726371972,0.1616435812651581,0.1313119883444305,0.24433619671303558,0.03479324583866816,0.369447020095063,-0.3017635872653588,-0.10271599948419884,0.7433922229534303,-0.7970658145992735,1.2281300388361913,1.2935824286927498,0.15686167914220614,-1.474091904039042,2,0,test,730,2026-10-09T14:53:13.432435+00:00,0,LogisticRegression
-1.3454372347486652,-1.3584717567212352,-1.3206818189598588,1.229977322409095,-2.2423934428835968,-3.858495448483647,5.019972542442031,4.688186230669899,-3.162649511409432,-0.7970658145992735,0.42099806407867363,-1.1710488100184926,-0.848804314038695,1.1727470559824196,7,1,test,523,2026-10-09T14:53:13.432435+00:00,0,LogisticRegression
0.5084243479702428,0.5382418645977951,0.6339252293343768,-0.16508396319148225,-0.784993962101348,0.40653423473172084,0.45848443126426797,-0.6564029561105391,0.6559842960306249,0.738526903421301,-0.18655860838650365,1.9389804317400616,0.7009104951253167,-0.6404472762757425,6,1,test,334,2026-10-09T14:53:13.432435+00:00,1,LogisticRegression
-1.3864065514938344,-1.3843914766267202,-1.3765277346254083,1.229977322409095,-1.1038000985224643,0.33235980545840843,1.1387063425802502,1.4194197794594863,1.3170067433843407,-0.7970658145992735,-1.3734135034347577,1.7867905096241017,1.6516220624493383,1.0929741027871742,7,0,test,782,2026-10-09T14:53:13.432435+00:00,0,LogisticRegression
-0.9255017381106805,-0.9300340335776278,-0.9856063249665613,-0.2863936402002272,1.742683262380367,-0.26103562872807795,-1.3020899274359217,0.7811697240029409,-1.0320812926660523,0.22666266408110952,-1.1332166794368967,1.3531196898908913,1.5986659793508902,-1.0166924386403302,6,1,test,33,2026-10-09T14:53:13.432435+00:00,0,LogisticRegression
-0.13684239076617266,-0.1509177470068686,-0.3154553369799662,0.33531845446959746,1.9704019312525927,-0.26103562872807795,-1.4621421418632108,0.42278325753207313,-0.1798540051687006,0.22666266408110952,0.8978594058391326,0.9243809509669946,0.848787859249284,0.35395193898706634,4,1,test,302,2026-10-09T14:53:13.432435+00:00,0,LogisticRegression
0.08848885133225816,0.12352634611003288,0.1313119883444305,0.21400877746084832,-0.3751003581313389,0.591970307914997,-0.0216722120176017,-1.162774845534265,0.8308001498762357,-0.7970658145992735,1.1875085171306707,-0.5629937045274114,-0.2423072868545849,-1.6488326586571984,1,0,test,1062,2026-10-09T14:53:13.432435+00:00,0,LogisticRegression
-1.0279250299736036,-1.0093178827002882,-0.9856063249665613,0.2822454707782686,-1.1038000985224643,1.0741040981915164,0.4984974848710902,-0.07050148564412083,-0.3218918864182591,0.738526903421301,0.8607701903688749,0.2888471095383097,1.1050753180181874,1.5795545835321987,1,1,test,389,2026-10-09T14:53:13.432435+00:00,0,LogisticRegression
0.3650317393621505,0.37357540872765427,0.41054156667217845,1.229977322409095,-0.35232849124411675,0.10983651763847768,0.13838000240968726,0.05936327327369345,-0.37105884531233707,-0.7970658145992735,-1.4564226999634302,-0.40692857606127647,-0.3072534265036245,-1.5222664796699368,1,0,test,1191,2026-10-09T14:53:13.432435+00:00,0,LogisticRegression
1.0819947824026122,1.1221979071743133,1.1923843859898726,-0.7716323482352069,-0.5800471601163424,0.40653423473172084,0.21840610962333312,0.0311755736636251,-0.07059409651519384,-0.7970658145992735,-0.5627492224419772,-0.5897678574922561,-1.2739517358951018,0.0246726711443547,4,1,test,507,2026-10-09T14:53:13.432435+00:00,1,LogisticRegression
0.16018515563630434,0.11590289907900785,0.24300381967552967,0.013089624915114376,-0.6483627607780109,-0.6689949897312848,0.8186019137256695,0.9945908781934573,-0.9064323977145199,-0.7970658145992735,0.8148502093104599,-0.45589709266803213,-0.7583793042196475,0.9719333231554276,6,0,test,770,2026-10-09T14:53:13.432435+00:00,1,LogisticRegression
-1.2532562720720344,-1.2578422559117046,-1.2648359032943093,1.229977322409095,1.1733865901998006,-0.7802566336412519,-0.6218680161199395,0.2768112416942195,0.8089481681455349,0.22666266408110952,1.3040746228943385,-0.2462836582722074,1.1065740750870119,0.278495704038317,7,0,test,1096,2026-10-09T14:53:13.432435+00:00,0,LogisticRegression
0.027034876214504303,0.12047696729762288,0.019620157013331318,0.6992474854958323,0.03479324583866816,1.5933251031046902,-0.7819202305472298,-1.502033944412586,0.8745041133376384,1.762255382101684,-1.0925951577313762,0.36881727694646455,0.6844241673682528,-1.3506337621892575,1,0,test,788,2026-10-09T14:53:13.432435+00:00,0,LogisticRegression
1.0307831364711506,0.9895499288344776,1.0806925546587736,-0.02861057655664156,-0.2840128905824482,-0.4093844872746995,0.33844527044379985,0.8033172022679944,-0.2563359412261551,0.22666266408110952,0.6364687444296957,1.8421002729856888,0.5420422458299728,0.25449475058779947,4,1,test,623,2026-10-09T14:53:13.432435+00:00,0,LogisticRegression
-0.47483925391381887,-0.48939879518438045,-0.3713012526455158,0.020671479728160146,-1.2176594329585773,-0.37229727263804163,1.258745503400717,-0.35137177818730064,0.6559842960306249,-0.7970658145992735,-0.3472785420909551,-0.9987782731788989,-0.24030894409615286,0.8426044444904088,4,1,test,206,2026-10-09T14:53:13.432435+00:00,1,LogisticRegression
-0.2904773285605573,-0.31405951347080446,-0.3154553369799662,0.5514013166414229,0.26251191471089386,-0.5206461311846633,-0.10169831923124757,0.461037992717166,-0.7753205073303118,-0.7970658145992735,-1.4210996376108036,-0.6612830292273023,-0.6100023544060719,0.06680384123015524,3,0,test,745,2026-10-09T14:53:13.432435+00:00,1,LogisticRegression
-1.0381673591598959,-1.0276141555747484,-1.041452240632111,0.25949990633913134,0.19419631404922735,0.591970307914997,-0.5018288552994714,-0.2990231931971743,-0.125224050841947,-0.7970658145992735,-1.546496508962628,1.5940870665744948,1.3368830779962988,-0.40440912255734346,1,0,test,899,2026-10-09T14:53:13.432435+00:00,0,LogisticRegression
-0.0856307448347111,-0.010646321636007842,-0.09207167431776786,0.08132631823253472,0.03479324583866816,1.3708018152847596,-0.7018941233335839,-1.457738987882479,1.5246005698260037,0.22666266408110952,0.47398265760761354,-0.17582536099629997,1.6905897462387616,0.09270415070913099,2,0,test,978,2026-10-09T14:53:13.432435+00:00,0,LogisticRegression
0.2626084474992274,0.23940274098161352,0.24300381967552967,0.5438194618283771,0.10310884650033668,-0.3352100580013871,-0.061685265624423946,0.9855305461759357,-0.5677266808886492,0.22666266408110952,-0.3508108483262174,1.960117920922834,-0.05396348187236936,-0.6811970965226642,5,1,test,252,2026-10-09T14:53:13.432435+00:00,1,LogisticRegression
2.126712359404428,2.1162954000199785,2.030073120973116,-2.0378021020139934,0.28528378159811807,-0.038512340908143906,-0.3417766408721824,0.42177655397457087,-0.2180949731974276,-0.7970658145992735,1.3888499725406422,-1.2827252112008058,-0.49459806010662416,1.5099690853986838,0,1,test,144,2026-10-09T14:53:13.432435+00:00,1,LogisticRegression
0.40600105610731974,0.43761236378826457,0.5222333980032776,-0.03240150396316445,-0.784993962101348,0.44362144936837544,0.41847137765744574,-0.43996169124751533,0.6177433280018985,1.2503911427614924,0.41923191096104245,1.0279546479625783,0.5660223589311569,-0.5456521435826912,0,1,test,176,2026-10-09T14:53:13.432435+00:00,1,LogisticRegression
-0.9459863964832651,-0.969675958138958,-0.9856063249665613,1.229977322409095,1.1733865901998006,-1.2253032092811167,-0.5018288552994714,2.1694139297988007,-1.469120927280079,0.738526903421301,1.102733167484367,1.3960992512291948,0.5415426601403649,-0.2222436125552141,6,0,test,684,2026-10-09T14:53:13.432435+00:00,0,LogisticRegression
-0.09587307402100341,-0.1112758224455384,-0.09207167431776786,0.6499654292110305,-0.05629422171022252,-0.2981228433647325,0.058353895196042775,0.24157661718163476,-0.7862464981956622,-0.7970658145992735,0.572887232194968,-0.4851372860375337,-0.2423072868545849,1.509623747938964,1,0,test,1080,2026-10-09T14:53:13.432435+00:00,0,LogisticRegression
-0.33144664530572654,-0.3704730215003898,-0.42714716831106536,0.5286557522022856,1.1733865901998006,-0.8915182775512188,-0.6618810697267618,0.2768112416942195,0.00042484410958541953,-0.7970658145992735,0.5181364855483969,-0.3540848531043459,-0.31974306874382447,0.5131525079178373,6,1,test,47,2026-10-09T14:53:13.432435+00:00,0,LogisticRegression
-0.11635773239358803,-0.06858451907179816,-0.03622575865221827,0.34669123668916607,-0.7394502283269017,0.8886680250082402,0.1783930560165109,-0.15506458447432586,0.20255567511857278,0.22666266408110952,0.2691088959623793,-0.35619860202262293,1.1560330583582032,0.319072855555379,6,0,test,1022,2026-10-09T14:53:13.432435+00:00,0,LogisticRegression
1.2663567077558737,1.2365496126396889,1.2482303016554221,-1.643545651735567,0.03479324583866816,-0.26103562872807795,-0.0216722120176017,-0.01110597575147742,-0.37652184074501227,0.22666266408110952,-1.401671953316859,0.781702898983282,1.001161494579724,0.8596986487465328,0,0,test,872,2026-10-09T14:53:13.432435+00:00,0,LogisticRegression
-1.140590651022819,-1.148064618664944,-1.0972981562976605,1.229977322409095,-1.4909218356052492,-0.7060822043679427,1.7789152002894089,1.5543180561648118,-1.5838438313662608,-0.285201575259082,0.5905487633712813,1.371438847182627,1.5497065817693065,0.9824661156768777,7,0,test,913,2026-10-09T14:53:13.432435+00:00,0,LogisticRegression
0.8566635403041813,0.891969806837357,0.8014629763310256,-0.1233837617197221,0.26251191471089386,0.40653423473172084,-0.5018288552994714,-0.6413024027480028,-0.0924460782458952,-0.7970658145992735,0.2302535273744899,-0.8360196064715527,-0.8128341443869191,1.6372259393053845,4,0,test,1229,2026-10-09T14:53:13.432435+00:00,1,LogisticRegression
-1.109863663463942,-1.141965861040124,-1.041452240632111,1.229977322409095,-2.0829903746730376,-2.523355721564053,3.619515666203243,2.846925423997941,-2.4633860960269893,1.2503911427614924,-0.16536477097492808,-0.06837645765054125,1.8644455662223454,-0.055790956970329944,5,0,test,926,2026-10-09T14:53:13.432435+00:00,0,LogisticRegression
-1.3659218931212498,-1.3584717567212352,-1.3765277346254083,1.229977322409095,3.450573278922066,2.149633322654522,-2.9826381789224654,-2.1916258813017553,-2.616349968141899,-0.7970658145992735,-1.1791366604953113,1.1678143680552546,0.21031734793026194,1.2722042443816866,7,0,test,687,2026-10-09T14:53:13.432435+00:00,0,LogisticRegression
-0.4031429496097727,-0.43908404477961516,-0.48299308397661495,0.10407188267167623,1.0367553888764656,-0.854431062914561,-0.5818549625131172,0.7831831311179454,-0.4693927631004929,1.2503911427614924,0.005952081435311193,1.5313791819989373,0.8537837161453641,0.0003263802341175011,1,1,test,238,2026-10-09T14:53:13.432435+00:00,0,LogisticRegression
-0.1675693783250496,-0.17683746691235375,-0.2596094213144166,0.005507770102068607,0.9456679213275749,-0.1868611994547655,-0.7819202305472298,0.049296237698668935,-0.38744783161036317,0.738526903421301,-1.4087365657873843,-0.3142759151434581,0.6779295534033485,-1.0125483891236942,3,1,test,480,2026-10-09T14:53:13.432435+00:00,0,LogisticRegression
1.0922371115889045,1.027667163989603,0.8573088919965751,-0.7640504934221611,1.218930323974245,-0.6319077750946303,-0.8219332841540521,0.1841945144039958,-0.3546698590143109,1.762255382101684,-0.038201746505472096,0.6633329595597576,0.09391388225159832,1.282219030713557,0,0,test,996,2026-10-09T14:53:13.432435+00:00,0,LogisticRegression
1.2868413661284583,1.242648370264509,1.3599221329865214,-0.7640504934221611,-0.3751003581313389,-0.37229727263804163,0.41847137765744574,0.4449307357971266,-0.2727249275241812,1.762255382101684,-0.7393645342051101,-0.07084249805519802,0.14936789379808615,1.7418631896004466,4,0,test,768,2026-10-09T14:53:13.432435+00:00,1,LogisticRegression
-1.0381673591598959,-0.9986450568568532,-1.0972981562976605,-0.7147684371373594,2.311979934560933,2.4092438251111106,-2.58250764285424,-3.6694667037153326,3.999337500827929,1.2503911427614924,0.13311510590476666,0.08064284108800288,1.7150694450295536,-1.568023693082794,6,0,test,804,2026-10-09T14:53:13.432435+00:00,0,LogisticRegression
0.07824652214596585,0.004600572426042241,0.019620157013331318,-0.051356140995783076,0.4674587166958994,-1.188215994644462,0.018340841589220537,1.2794879849666474,-0.6879125804075064,0.22666266408110952,0.18080124008081272,0.7950899754657044,1.0780976907793556,0.19475137005629542,1,0,test,1245,2026-10-09T14:53:13.432435+00:00,0,LogisticRegression
0.05776186377338123,0.03814373936255242,-0.03622575865221827,0.7106202677154009,0.809036720004238,-0.3352100580013871,-0.6218680161199395,-0.03124004690152573,-0.6223566352154023,0.22666266408110952,1.3782530538348545,1.3858827981241886,0.8407944882155564,0.0246726711443547,6,0,test,1049,2026-10-09T14:53:13.432435+00:00,0,LogisticRegression
0.8156942235590121,0.7395008662168562,0.8014629763310256,-1.1810525081397247,0.03479324583866816,-0.8173438482779064,0.25841916323015535,0.8264713840905501,-0.6605976032441299,-0.7970658145992735,0.8501732716630865,-1.3848897422508717,-0.4990943313130962,-0.13211053556837848,4,0,test,870,2026-10-09T14:53:13.432435+00:00,1,LogisticRegression
0.06800419295967354,0.1265757249224429,0.0754660726788809,-0.31672105945241025,-0.10183795548466684,0.9628424542815494,-0.4218027480858269,-1.1637815490917673,0.9072820859336908,-0.7970658145992735,0.8696009559570316,-0.38896171025591986,-1.3488895893363018,1.250102646959627,1,0,test,1159,2026-10-09T14:53:13.432435+00:00,1,LogisticRegression
-0.47483925391381887,-0.5122691362774555,-0.48299308397661495,0.4225097848196322,0.10310884650033668,-0.965692706824528,0.25841916323015535,0.8576791943731259,-0.38198483617768797,-0.285201575259082,-0.9742628988500771,0.6989143996840911,0.6989121523668849,1.0085390938857133,4,1,test,60,2026-10-09T14:53:13.432435+00:00,0,LogisticRegression
-0.843563104620342,-0.8751452149542476,-0.8180685779699125,0.5779378084870873,-0.48895969256745375,-1.3736520678277382,1.018667181759782,1.8029738348679134,-1.862456598432703,0.22666266408110952,-0.9989890424969157,1.021613401207747,1.4457927583308428,1.4790613827537726,6,0,test,1068,2026-10-09T14:53:13.432435+00:00,0,LogisticRegression
-0.8230784462477574,-0.8156823281122522,-0.8180685779699125,1.229977322409095,-0.07906608859744468,0.2581853761850993,-0.1417113728380698,0.09560460134378113,0.32274157463743,-0.285201575259082,0.38920730796130976,1.6560903681772936,0.4291358799785654,-0.19271725974918172,1,0,test,1143,2026-10-09T14:53:13.432435+00:00,0,LogisticRegression
-0.577262545776742,-0.5808801595566809,-0.7063767466388133,0.7788569610328212,2.2208924670120425,-0.11268677018145634,-1.702220463504147,-0.007079161521467759,0.1260737390611183,-0.285201575259082,-1.7619671893136502,1.7216165846438876,-0.06195685290609729,0.3548152826363655,4,0,test,1321,2026-10-09T14:53:13.432435+00:00,0,LogisticRegression
2.2496203096399356,2.213875522017099,2.365148614966414,-0.9801333555939908,-0.4434159587930074,-0.22394841409142008,0.37845832405062346,0.13587274364387844,0.04412880757098812,0.22666266408110952,-0.1000171056225687,-1.3644568360408582,-0.9657073654069669,0.3439371526551957,0,0,test,1075,2026-10-09T14:53:13.432435+00:00,1,LogisticRegression
1.47120329148172,1.4576295765394152,1.5274598799831702,-1.3061531125549926,-0.2840128905824482,-0.11268677018145634,0.1783930560165109,0.16506714681144904,-0.3601328544469866,-0.7970658145992735,1.4259391880109005,-0.22197554571201944,-0.868787741623015,-0.3495004664619149,4,1,test,421,2026-10-09T14:53:13.432435+00:00,1,LogisticRegression
0.07824652214596585,0.15706951304654307,0.1313119883444305,-0.051356140995783076,-0.4434159587930074,1.296627386011447,-0.2617505336585365,-1.1537145135167428,0.6996882594920276,-0.7970658145992735,-0.09295249315204318,-1.2175512862205915,-1.1780312834903661,-1.1121782462528207,5,0,test,723,2026-10-09T14:53:13.432435+00:00,1,LogisticRegression
2.454466893365782,2.380066667293445,2.197610867969765,-2.162902706429261,0.8318085868914601,-0.4464717019113541,-0.5818549625131172,-0.01110597575147742,-0.040547621635479675,0.738526903421301,-0.9972228893792843,0.34979353668196933,1.678100103998562,0.5162605450553145,0,0,test,817,2026-10-09T14:53:13.432435+00:00,0,LogisticRegression
-1.0484096883461882,-1.0520091860740284,-1.0972981562976605,1.229977322409095,1.9248581974781482,-0.2981228433647325,-1.4221290882563884,0.7902300560204625,-1.0375442880987276,0.22666266408110952,-0.5344907725598759,-0.06379666832760716,1.8334712534666495,1.6712416790877729,5,0,test,813,2026-10-09T14:53:13.432435+00:00,0,LogisticRegression
-1.0484096883461882,-1.0520091860740284,-1.041452240632111,0.23296341449346694,-0.12460982237189103,-0.2981228433647325,0.1783930560165109,-0.6866040628356127,0.49209443305036554,-0.7970658145992735,1.4647945565987899,-0.6221786742391736,-1.5901894774169651,-0.8008565263155323,5,0,test,778,2026-10-09T14:53:13.432435+00:00,1,LogisticRegression
0.7030286025097967,0.6724145323438359,0.8014629763310256,-0.5820859779090416,-0.6028190270035666,-0.3352100580013871,0.5785235920847347,-0.09466237102417951,-0.8080984799263635,0.22666266408110952,-1.7072164426670788,1.1174366855029811,1.305908765240603,1.1610055823519505,2,1,test,102,2026-10-09T14:53:13.432435+00:00,0,LogisticRegression
0.6313322982057505,0.5839825467839453,0.745617060665476,-0.4607763009002967,-0.6939064945524572,-0.5577333458213211,0.8186019137256695,0.4821787674247172,-0.0924460782458952,0.738526903421301,0.0960258904345089,1.4802969164739042,0.8947497426932198,-0.7514732695756184,1,1,test,216,2026-10-09T14:53:13.432435+00:00,0,LogisticRegression
-0.47483925391381887,-0.48939879518438045,-0.5388389996421645,0.828139017317623,0.9001241875531286,-0.37229727263804163,-0.6618810697267618,-0.2647952722420911,-0.5349487082925969,-0.7970658145992735,0.24791505855080323,-1.450063667231086,-0.9776974219575587,-1.2349457131831658,3,1,test,132,2026-10-09T14:53:13.432435+00:00,0,LogisticRegression
-0.6592011792670804,-0.6067998794621661,-0.6505308309732637,0.23296341449346694,-0.12460982237189103,1.6674995323780026,-0.6618810697267618,-1.1345871459241967,0.7761701955494826,0.22666266408110952,-1.654231849138139,0.3494412451955901,0.8667729440751722,0.06956654090791266,1,0,test,1175,2026-10-09T14:53:13.432435+00:00,1,LogisticRegression
0.5596359939017044,0.5580628268784602,0.5222333980032776,0.25949990633913134,0.19419631404922735,-0.0014251262714893337,-0.2617505336585365,-0.03627356468903834,-0.4639297676678177,1.762255382101684,-0.5786446005006591,0.14581676606821756,0.6579461258190284,-0.601424143327419,5,0,test,735,2026-10-09T14:53:13.432435+00:00,0,LogisticRegression
-0.1778117075113419,-0.1676893304751237,-0.03622575865221827,0.30499103521741017,-1.2859750336202458,0.18401094691178682,1.0586802353666043,-0.040300378919048,0.3063525883394043,0.22666266408110952,1.0833054831904225,1.5859843623877654,1.8479592384652817,0.9090819054864464,4,0,test,998,2026-10-09T14:53:13.432435+00:00,0,LogisticRegression
0.32406242261698126,0.26227308207468863,0.41054156667217845,0.34669123668916607,-0.6255908938907888,-0.854431062914561,0.8586149673324931,0.9623763643533793,-0.7206905530035587,0.22666266408110952,-0.9566013676737638,0.22543464198999263,0.3851723392930613,-1.146021317305349,4,1,test,153,2026-10-09T14:53:13.432435+00:00,0,LogisticRegression
-0.7308974835711266,-0.7424972366144118,-0.6505308309732637,0.6802928484632178,-1.2632031667330235,-0.4464717019113541,1.3387716106143628,0.3654011547544342,-0.5349487082925969,-0.7970658145992735,-0.3702385326201623,-1.1675258951546972,-1.606176219484421,1.1245724803515247,5,1,test,137,2026-10-09T14:53:13.432435+00:00,1,LogisticRegression
1.3278106828736276,1.3600494545422945,1.415768048652071,-1.4388355717833103,-0.4434159587930074,0.29527259082175383,0.13838000240968726,-0.25070142243705695,0.6505213005979498,0.738526903421301,1.3111392353648639,-0.5788468214144904,-1.4118373862269096,0.9363635648043009,4,0,test,843,2026-10-09T14:53:13.432435+00:00,1,LogisticRegression
0.11921583889113509,0.13267448254726294,0.0754660726788809,-0.7640504934221611,0.3308275153725624,0.2210981615484414,-0.46181580169264913,0.13385933652887397,-0.18531700060137582,0.738526903421301,1.1292254642488369,0.5435538541907148,1.2824282378290268,0.7802710330110072,5,0,test,884,2026-10-09T14:53:13.432435+00:00,0,LogisticRegression
2.987068011052982,2.935053611152068,2.9236077716219095,-2.9817430262382927,0.12588071338755885,-0.26103562872807795,-0.10169831923124757,0.2647307990041905,0.04959180300366334,1.762255382101684,0.33269040819710705,1.0325344372855128,0.97718138147854,1.2145328886085003,0,1,test,52,2026-10-09T14:53:13.432435+00:00,1,LogisticRegression
0.20115447238147358,0.26532246088709865,0.1313119883444305,0.047207971573824545,0.5130024504703438,0.9628424542815494,-0.9419724449745188,-0.7822409007983437,0.38283452439685833,-0.7970658145992735,-0.34021392962042957,-1.2777931303914924,-0.6784455938823677,0.0246726711443547,5,1,test,4,2026-10-09T14:53:13.432435+00:00,1,LogisticRegression
-1.0381673591598959,-1.0428610496367985,-1.041452240632111,0.25949990633913134,0.19419631404922735,-0.3352100580013871,-0.10169831923124757,0.5747954947149408,-0.6879125804075064,0.738526903421301,0.28323812090342987,0.8574455685548827,0.21431403344712605,-0.4204673144343085,2,1,test,388,2026-10-09T14:53:13.432435+00:00,0,LogisticRegression
-0.07538841564841879,-0.09297954957107829,0.019620157013331318,0.3732277285348305,-0.8305376958757923,-0.3352100580013871,0.8186019137256695,0.8184177556305308,-0.7261535484362339,-0.7970658145992735,0.5746533853125996,-0.9406501779262753,-0.5165798304493762,0.7115488785267915,5,0,test,1187,2026-10-09T14:53:13.432435+00:00,1,LogisticRegression
0.07824652214596585,0.07473628511147262,0.0754660726788809,-0.051356140995783076,-0.010750487935776163,-0.038512340908143906,-0.061685265624423946,0.14996659344891264,-0.7316165438689091,1.762255382101684,0.49164418878392685,0.7031418975206452,0.6544490259917729,-1.120466345286093,5,1,test,110,2026-10-09T14:53:13.432435+00:00,0,LogisticRegression
-1.2839832596309113,-1.291385422848215,-1.2648359032943093,1.229977322409095,-1.1038000985224643,-1.4107392824643927,1.7789152002894089,-0.01110597575147742,-1.5947698222316118,-0.7970658145992735,-0.37906929820831897,-0.8825220826736516,-1.0341506048832627,1.4718092960996594,7,0,test,1364,2026-10-09T14:53:13.432435+00:00,0,LogisticRegression
-0.9255017381106805,-0.9269846547652179,-0.9297604093010117,-0.2863936402002272,0.17142444716200317,-0.11268677018145634,-0.18172442644489206,0.17010066459896164,-1.6220847993949883,-0.7970658145992735,1.1592500672485697,-1.481065318032485,-0.7548822043923914,-0.15887418869665343,2,1,test,678,2026-10-09T14:53:13.432435+00:00,1,LogisticRegression
-0.6694435084533727,-0.6189973947118061,-0.7063767466388133,1.229977322409095,0.6496336517936787,1.630412317741348,-1.2620768738290995,-0.5899605213153787,0.3172785792047548,-0.7970658145992735,1.602554499774033,-0.21669117341632618,-1.1525524133203582,-1.0163471011806104,3,0,test,703,2026-10-09T14:53:13.432435+00:00,1,LogisticRegression
0.2216391307540582,0.19366205879546328,0.1871579040099801,0.0585807537933932,0.2397400478236717,-0.4093844872746995,-0.10169831923124757,0.5284871310698287,-0.22902096406277853,-0.7970658145992735,0.6505979693707468,-0.32414007676208517,-0.16936777617181709,1.635844589466506,5,1,test,512,2026-10-09T14:53:13.432435+00:00,1,LogisticRegression
-1.376164222307542,-1.3691445825646702,-1.3765277346254083,1.229977322409095,1.1733865901998006,2.2979821812011436,-1.6622074098973232,-0.669490102358071,0.8089481681455349,0.22666266408110952,-0.7128722374406401,0.8338420389674537,0.3072369717142138,-0.2654107950201737,7,0,test,925,2026-10-09T14:53:13.432435+00:00,1,LogisticRegression
-0.6592011792670804,-0.6845590391786215,-0.6505308309732637,0.7295749047480196,-0.12460982237189103,-0.8173438482779064,0.41847137765744574,1.1063349730762277,-0.37105884531233707,-0.7970658145992735,0.035976684435043926,-1.1160913381432849,-0.5610429568244879,-0.27145420056526803,2,1,test,72,2026-10-09T14:53:13.432435+00:00,1,LogisticRegression
-0.34168897449201885,-0.3582755062507497,-0.20376350564886703,0.8774210736024288,-1.4226062349435806,-0.37229727263804163,1.4988238250416517,-0.4611024659550666,-0.021427137621115932,-0.285201575259082,-0.6651861032645943,0.8732986854419615,1.4607803290190826,-0.8614632504963354,1,0,test,1149,2026-10-09T14:53:13.432435+00:00,0,LogisticRegression
2.495436210110951,2.498992440977436,2.476840446297513,-2.325912584909762,0.012021378951446001,0.03566208836516524,-0.1417113728380698,0.0704370124062202,-0.04327911935181728,-0.285201575259082,-1.7443056581373368,-0.4580108415863092,-0.48510593200407215,0.039522181912300794,0,0,test,1248,2026-10-09T14:53:13.432435+00:00,1,LogisticRegression
-1.3249525763760805,-1.3173051427537,-1.3206818189598588,1.229977322409095,0.03479324583866816,1.4078890299214142,-0.5818549625131172,-0.4902968691226372,1.0274679854525484,1.2503911427614924,-1.053739789143487,0.18315966362444858,1.4078242459206345,-0.9579850704879852,7,1,test,460,2026-10-09T14:53:13.432435+00:00,0,LogisticRegression
-1.0893790050913574,-1.0657313907298736,-1.15314407196321,1.229977322409095,2.995135941177612,1.630412317741348,-2.7025468036747085,-2.4221609959698136,3.76442869722289,-0.7970658145992735,1.4912868533632593,-1.3570587148268882,-1.6141695905181492,-0.19237192228946204,3,0,test,1157,2026-10-09T14:53:13.432435+00:00,1,LogisticRegression
-1.0996213342776497,-1.0794535953857187,-1.0972981562976605,1.229977322409095,0.03479324583866816,1.4078890299214142,-0.6618810697267618,-0.01110597575147742,1.0274679854525484,-0.7970658145992735,-1.770797954901807,-1.0061763943928692,-1.5512217936275412,1.4604131599289103,7,1,test,545,2026-10-09T14:53:13.432435+00:00,1,LogisticRegression
0.5903629814605813,0.6632663959066059,0.6897711449999263,-0.6844410178851721,-0.6255908938907888,0.8886680250082402,0.058353895196042775,-0.01110597575147742,0.3008895929067291,1.2503911427614924,-0.5645153755596085,1.0677635859234664,0.7343827363290527,1.4963282557397566,5,1,test,662,2026-10-09T14:53:13.432435+00:00,1,LogisticRegression
0.4981820187839505,0.4955505612240549,0.6339252293343768,0.22538155968042117,-0.8533095627630145,-0.038512340908143906,0.6985627529052028,-0.28593604694964236,-0.2563359412261551,-0.7970658145992735,1.0391516552496392,-0.3382317362172666,-1.1580478559060463,0.7683568906506784,4,0,test,897,2026-10-09T14:53:13.432435+00:00,1,LogisticRegression
1.3892646579913814,1.417987651978085,1.5274598799831702,-1.3781807332789358,-0.6255908938907888,0.2581853761850993,0.33844527044379985,-0.40372036317742765,-0.4748557585331686,0.738526903421301,1.1292254642488369,-0.08740019791503623,-0.7039244640523755,1.0394467965306244,0,0,test,1291,2026-10-09T14:53:13.432435+00:00,1,LogisticRegression
0.2626084474992274,0.22720522573197344,0.24300381967552967,-0.8247053319265357,0.10310884650033668,-0.5206461311846633,0.018340841589220537,0.1640604432539468,0.09329576646506604,-0.7970658145992735,0.8431086591925616,-0.3297767405441576,-0.219326345132617,0.4841441613013845,6,1,test,281,2026-10-09T14:53:13.432435+00:00,1,LogisticRegression
0.16018515563630434,0.19366205879546328,0.1871579040099801,-0.22952972910237548,-0.23846915680800387,0.5177958786416845,-0.10169831923124757,-0.3332511141522568,0.2517226340126512,-0.7970658145992735,-0.2006878333275547,-1.441608671557977,-1.4468083844994695,-0.12779381732188252,2,0,test,935,2026-10-09T14:53:13.432435+00:00,1,LogisticRegression
0.3957587269210274,0.4193160909138045,0.41054156667217845,-0.889151097837429,-0.14738168925911319,0.33235980545840843,-0.1417113728380698,-1.1265335174641773,1.6775644419409128,-0.7970658145992735,-0.9407059896150818,-0.1793482758600954,-1.0711199459142546,-1.531590591082368,2,1,test,384,2026-10-09T14:53:13.432435+00:00,1,LogisticRegression
0.4981820187839505,0.507748076473695,0.46638748233772803,-0.17266581800452802,0.17142444716200317,0.14692373227513225,-0.3017635872653588,-0.061441153626599264,0.07690678016704039,-0.7970658145992735,-1.1385151387897907,-0.7564017305497771,-1.0176642771261988,0.2914458587778048,1,0,test,1185,2026-10-09T14:53:13.432435+00:00,1,LogisticRegression
0.016792547028211993,0.027470913519117363,0.019620157013331318,-0.37358497055026196,-0.05629422171022252,0.18401094691178682,-0.1417113728380698,-0.23560086907452055,0.27903761117602727,-0.7970658145992735,1.1186285455430491,-0.5157866453525534,-0.40117553614992846,0.5033103903158266,6,1,test,646,2026-10-09T14:53:13.432435+00:00,1,LogisticRegression
-0.3929006204234804,-0.4421334235920252,-0.48299308397661495,-0.6275771067873247,1.1733865901998006,-1.188215994644462,-0.5418419089062936,1.166737186526374,-1.3325460414631956,0.738526903421301,1.3959145850111678,1.6349528789945211,1.6900901605491536,-0.9415815411513004,6,0,test,900,2026-10-09T14:53:13.432435+00:00,0,LogisticRegression
0.4572127020387813,0.46810615191236477,0.5780793136688271,-0.4077033172089721,-0.784993962101348,0.14692373227513225,0.5385105384779124,-0.20640646590694994,0.6395953097325993,1.2503911427614924,0.567588772842074,-0.16772265680957074,0.9936677092356038,-0.5983161061899419,0,0,test,889,2026-10-09T14:53:13.432435+00:00,0,LogisticRegression
-0.33144664530572654,-0.3430286121886996,-0.3713012526455158,-0.5252220668111941,0.44468684980867523,-0.26103562872807795,-0.3817896944790046,-0.01110597575147742,-0.4748557585331686,-0.7970658145992735,0.42806267654919916,-1.2249494074345617,-0.41916062097581636,1.4921842062231205,6,1,test,241,2026-10-09T14:53:13.432435+00:00,1,LogisticRegression
-0.9869557132284343,-0.955953753483113,-0.9856063249665613,1.229977322409095,0.03479324583866816,1.6674995323780026,-0.7819202305472298,-0.2960030825246669,0.530335401079093,-0.7970658145992735,0.38390884860841584,0.6425477618633648,0.8173139608039802,1.1345872666833954,2,0,test,1264,2026-10-09T14:53:13.432435+00:00,0,LogisticRegression
-0.5362932290315727,-0.5320900985581206,-0.48299308397661495,0.3694368011283034,-0.6939064945524572,0.10983651763847768,0.4984974848710902,0.6080167121125218,-0.5294857128599217,-0.7970658145992735,-0.3119554797383285,0.5678619667509033,0.8003280473573086,0.0246726711443547,2,0,test,1350,2026-10-09T14:53:13.432435+00:00,0,LogisticRegression
-1.1815599677679882,-1.180083096195249,-1.15314407196321,1.229977322409095,-1.1038000985224643,0.03566208836516524,0.9786541281529598,0.3976156685945122,-1.3052310642998188,-0.7970658145992735,-0.14240478044572086,-0.38896171025591986,-0.3861879654616885,-0.797921157907915,7,1,test,533,2026-10-09T14:53:13.432435+00:00,0,LogisticRegression
-0.9050170797380959,-0.8690464573294275,-0.9297604093010117,-0.22952972910237548,0.6724055186809029,1.630412317741348,-1.2620768738290995,-0.01110597575147742,0.8963560950683404,-0.285201575259082,-0.47090926032514807,-0.3121621662251808,-0.05845975307884141,0.0246726711443547,5,1,test,517,2026-10-09T14:53:13.432435+00:00,1,LogisticRegression
0.5289090063428274,0.4742049095371848,0.5780793136688271,-0.9422240815287578,-0.35232849124411675,-0.6689949897312848,0.5385105384779124,0.2405699136241318,-0.25087294579347985,-0.285201575259082,-1.3575181253760755,-0.5238893495392828,-1.2075068391772381,-0.7478472262485618,5,0,test,821,2026-10-09T14:53:13.432435+00:00,1,LogisticRegression
-1.0996213342776497,-1.111472072916024,-1.15314407196321,-1.0673246859440255,2.539698603433159,-0.965692706824528,-1.5421682490768565,1.4627080324320902,-2.0427354477109887,-0.7970658145992735,-0.6016045910298663,-0.7285707031257938,-0.6499692095747118,-0.5427167751750739,3,0,test,924,2026-10-09T14:53:13.432435+00:00,0,LogisticRegression
0.4572127020387813,0.46810615191236477,0.5222333980032776,-0.4077033172089721,-0.4434159587930074,0.14692373227513225,0.21840610962333312,-0.3131170430022085,0.19709267968589758,0.22666266408110952,0.005069004876495135,1.5694266625279272,0.96718966768638,-0.5321839826536238,6,1,test,125,2026-10-09T14:53:13.432435+00:00,0,LogisticRegression
0.7030286025097967,0.6739392217500408,0.745617060665476,-0.03998335877621022,-0.2840128905824482,-0.3352100580013871,0.2984322168369776,0.7469418030478577,-0.048742114784492495,0.22666266408110952,1.6696683182440242,-1.1527296527267568,-0.3881863082201205,-1.252903261088589,3,1,test,437,2026-10-09T14:53:13.432435+00:00,1,LogisticRegression
-0.413385278796065,-0.3826705367500299,-0.42714716831106536,-0.6654863808525577,0.17142444716200317,0.7403191664616185,-0.5418419089062936,-0.5960007426603928,-0.0924460782458952,0.22666266408110952,0.1295827996695044,0.4435030720589266,0.4755973491121091,-1.3801601149952898,6,0,test,747,2026-10-09T14:53:13.432435+00:00,0,LogisticRegression
-1.0893790050913574,-1.0977498682601787,-1.0972981562976605,1.229977322409095,0.4219149829214531,-0.6689949897312848,-0.1417113728380698,1.7023034791176699,-1.6220847993949883,0.22666266408110952,-1.293936613141348,0.5453153116226128,1.1650256007711473,-1.2458238431643356,7,0,test,781,2026-10-09T14:53:13.432435+00:00,0,LogisticRegression
0.3547894101758582,0.3446063100097591,0.35469565100662886,-0.5024765023720527,-0.03352235482300035,-0.1497739848181109,-0.0216722120176017,-0.4288879521149886,0.5467243873771187,0.738526903421301,-0.013475602858633747,1.1540750000864533,0.13487990879945413,1.5548629551622417,1,1,test,519,2026-10-09T14:53:13.432435+00:00,1,LogisticRegression
-0.3826582912371881,-0.3384545439700846,-0.3154553369799662,0.8622573639763331,-0.7622220952141238,1.0370168835548619,0.13838000240968726,-0.5970074462178957,0.5849653554058462,1.762255382101684,-0.47090926032514807,0.17611383389685772,0.7863396480482844,1.4165553025445112,5,1,test,94,2026-10-09T14:53:13.432435+00:00,1,LogisticRegression
0.6518169565783352,0.6038035090646104,0.745617060665476,-0.2560662209480399,-0.5800471601163424,-0.5577333458213211,0.6985627529052028,0.6190904512450486,-0.5404117037252726,2.2741196214418755,-0.9318752240269251,1.7899611330015177,0.038959456394718414,-0.13072918572949976,5,1,test,550,2026-10-09T14:53:13.432435+00:00,1,LogisticRegression
0.743997919254966,0.7577971390913163,0.8014629763310256,-1.6170091598899028,-0.35232849124411675,0.18401094691178682,0.13838000240968726,-0.18123887696938903,-0.420225804206415,-0.7970658145992735,-0.8435675681453586,-1.4528819991221222,-1.194018025557822,1.151854139669379,6,0,test,1089,2026-10-09T14:53:13.432435+00:00,1,LogisticRegression
-0.9255017381106805,-0.9330834123900379,-0.9297604093010117,-0.2863936402002272,0.17142444716200317,-0.4093844872746995,-0.0216722120176017,1.3630443802393495,-0.3109658955529087,0.22666266408110952,-0.7128722374406401,0.614364442953002,1.3828449614402345,0.4661866133959613,6,0,test,1070,2026-10-09T14:53:13.432435+00:00,0,LogisticRegression
2.597859501973874,2.5858997371311214,2.4209945306319636,-1.6549184339551357,0.5130024504703438,-0.038512340908143906,-0.5018288552994714,-0.1580846951468333,0.2626486248780016,0.22666266408110952,-1.103192076437164,-0.9036595718564236,-1.267457121930198,0.8443311317890072,0,1,test,97,2026-10-09T14:53:13.432435+00:00,1,LogisticRegression
-1.3659218931212498,-1.3569470673150301,-1.3765277346254083,1.229977322409095,3.450573278922066,2.668854327567696,-3.142690393349756,-3.408730482322201,0.503020423915716,-0.7970658145992735,0.4545549733136691,-0.8839312486191698,-0.7079211495692397,-0.2217256063656346,7,0,test,696,2026-10-09T14:53:13.432435+00:00,0,LogisticRegression
-0.6079895333356189,-0.6479664934297013,-0.5946849153077142,-1.1090248874157815,-0.19292542303355753,-1.2253032092811167,0.6585496992983806,1.4415672577245398,-0.8080984799263635,0.738526903421301,-1.627739552373669,0.12009948756251121,1.5027455269461543,-0.17475971184375855,5,1,test,55,2026-10-09T14:53:13.432435+00:00,0,LogisticRegression
-1.0791366759050651,-1.0443857390430034,-1.15314407196321,1.229977322409095,3.450573278922066,2.3350693958377984,-3.182703446956578,-2.1916258813017553,2.376827857323355,-0.285201575259082,-0.7782199027929995,-0.32026487041191026,0.004488043811766423,0.8298269584807808,2,0,test,1247,2026-10-09T14:53:13.432435+00:00,0,LogisticRegression
1.276599036942166,1.250271817295534,1.1923843859898726,-0.9156875896830934,0.35359938225978454,-0.22394841409142008,-0.3017635872653588,-0.01110597575147742,0.21894466141659893,0.738526903421301,0.31149657078553095,-1.0051195199337304,-0.1908499608249609,0.4810361241639074,4,1,test,668,2026-10-09T14:53:13.432435+00:00,1,LogisticRegression
-0.0856307448347111,-0.044189488572518025,-0.03622575865221827,0.08132631823253472,-0.4661878256802296,0.7774063810982732,-0.0216722120176017,-0.14499754889930136,-0.040547621635479675,-0.285201575259082,1.2899453979532878,0.41637662760770183,-0.11841003583180101,-1.6528040394439745,5,0,test,953,2026-10-09T14:53:13.432435+00:00,1,LogisticRegression
1.276599036942166,1.3417531816678345,1.3599221329865214,-1.3440623866202257,-0.4206440919057852,0.6290575225516516,0.018340841589220537,-0.5718398572803348,0.7215402412227295,-0.7970658145992735,-1.17737050737768,-1.2799068793097697,-1.1770321121111502,0.4796547743250286,4,1,test,104,2026-10-09T14:53:13.432435+00:00,1,LogisticRegression
-0.10611540320729572,-0.09907830719589832,-0.20376350564886703,0.06237168119991608,0.9684397882147971,0.14692373227513225,-0.9419724449745188,0.01607502030108869,0.00042484410958541953,0.738526903421301,-0.5804107536182905,0.8179889220803744,1.0985807040532836,1.0394467965306244,1,0,test,1154,2026-10-09T14:53:13.432435+00:00,0,LogisticRegression
0.4879396895976582,0.4711555307247748,0.5222333980032776,-0.18024767281757378,-0.26124102369522606,-0.22394841409142008,0.21840610962333312,-0.03224675045902868,0.04959180300366334,-0.7970658145992735,0.03774283755267506,-0.7098992543476782,-0.9966816781626627,0.987473508842813,4,1,test,609,2026-10-09T14:53:13.432435+00:00,1,LogisticRegression
0.4572127020387813,0.5839825467839453,0.2988497353410793,-1.2303345644245265,1.105070989538132,1.6674995323780026,-1.622194356290501,-1.625858481985386,0.5849653554058462,-0.7970658145992735,0.6647271943117973,-1.4254032631845184,-1.5087570100108614,-0.14626937141688523,6,1,test,22,2026-10-09T14:53:13.432435+00:00,1,LogisticRegression
1.5121726082268891,1.5033702587255653,1.5833057956487198,-0.6124133971612289,-0.35232849124411675,-0.07559955554479848,0.21840610962333312,0.07849064086623952,-0.09790907367857042,-0.285201575259082,-0.8294383432043081,1.5303223075397987,0.638961869613925,0.38658632893057576,0,1,test,0,2026-10-09T14:53:13.432435+00:00,1,LogisticRegression
-0.6079895333356189,-0.6052751900559611,-0.5946849153077142,1.229977322409095,-0.19292542303355753,0.07274930300182311,0.058353895196042775,-0.976534687396314,0.27357461574335207,-0.7970658145992735,1.6361114090090287,-0.16314286748663667,-0.7458896619794475,-0.6297418150244324,3,1,test,624,2026-10-09T14:53:13.432435+00:00,0,LogisticRegression
2.4032552474343203,2.38769011432447,2.588532277628612,-2.5116680278294043,-0.6255908938907888,-0.07559955554479848,0.4984974848710902,0.4670782140621801,-0.44207778593711633,1.2503911427614924,0.005069004876495135,0.1983081975387684,1.8294745679497855,-0.22759634318086908,0,1,test,613,2026-10-09T14:53:13.432435+00:00,0,LogisticRegression
-0.3007196577468496,-0.3323557863452646,-0.42714716831106536,-0.13475654393929495,1.5605083272825855,-0.7060822043679427,-1.0219985521881647,0.19526825353652258,0.15338871622449488,-0.285201575259082,0.1066228091402967,-0.3177988300072535,1.05211923491974,0.657676234810522,3,0,test,1280,2026-10-09T14:53:13.432435+00:00,0,LogisticRegression
0.580120652274289,0.5900813044087654,0.46638748233772803,-0.6958138001047408,0.6951773855681251,0.14692373227513225,-0.7419071769404062,-0.33929133549727164,1.1148759123753538,-0.285201575259082,-0.2607370393270197,-0.16208599302749802,-1.3568829603700299,-0.03507070938714936,5,1,test,359,2026-10-09T14:53:13.432435+00:00,1,LogisticRegression
0.5903629814605813,0.6007541302522005,0.6339252293343768,-0.49489464755900686,-0.3067847574696724,0.14692373227513225,0.09836694880286502,-0.431908062787496,0.0058878395422606354,-0.7970658145992735,0.3538842456086831,-0.9734132861595722,-0.8398117716257512,0.3765715425987052,3,0,test,1258,2026-10-09T14:53:13.432435+00:00,1,LogisticRegression
-0.43386993716864963,-0.48939879518438045,-0.42714716831106536,0.8433027269437187,-0.10183795548466684,-1.3736520678277382,0.6185366456915583,-0.01110597575147742,-1.3981019866552995,-0.7970658145992735,0.9384809275446532,-0.5619368300682728,-1.6191654474142292,-1.3090205982930363,6,0,test,1061,2026-10-09T14:53:13.432435+00:00,0,LogisticRegression
0.7337555900686736,0.7120564569051661,0.6897711449999263,0.33531845446959746,0.21696818093644954,-0.22394841409142008,-0.18172442644489206,-0.07754841054663791,0.4757054467523399,1.2503911427614924,-0.7464291466756356,1.7631869800366726,-0.08343903755924136,-1.2642993972593384,2,1,test,456,2026-10-09T14:53:13.432435+00:00,1,LogisticRegression
-0.7308974835711266,-0.7059046908654916,-0.7063767466388133,1.229977322409095,-0.39787222501856306,0.8515808103715856,-0.10169831923124757,-1.6480059602504395,0.4975574284830408,-0.7970658145992735,-0.6051368972651291,-0.3382317362172666,-0.27478035667910483,-0.11812436844973159,5,1,test,446,2026-10-09T14:53:13.432435+00:00,0,LogisticRegression
0.17042748482259665,0.2378780515754085,0.1871579040099801,0.2632908337456542,-0.17015355614633537,1.0370168835548619,-0.4218027480858269,-1.323847414734655,1.2132098301635097,-0.7970658145992735,-0.38083545132595015,-0.7708456814913384,-0.28726999891930455,-0.033516690818410806,1,1,test,77,2026-10-09T14:53:13.432435+00:00,1,LogisticRegression
-0.1778117075113419,-0.1707387092875337,-0.14791758998331744,0.30499103521741017,-0.3067847574696724,0.14692373227513225,0.09836694880286502,-0.2919762682946572,-0.3109658955529087,1.2503911427614924,0.7530348501933638,0.9465753146089058,0.3132319999895097,-0.808626619159225,5,1,test,448,2026-10-09T14:53:13.432435+00:00,0,LogisticRegression
2.792463756513428,2.7993562539998225,2.8677618559563602,-1.7989736754030223,-0.2840128905824482,0.07274930300182311,0.09836694880286502,0.03822249856614219,0.14792572079181965,-0.7970658145992735,-1.2073951103774128,-1.0935446830149944,-0.8567976850724233,0.7764723209540908,0,0,test,1344,2026-10-09T14:53:13.432435+00:00,1,LogisticRegression
-0.05490375727583417,-0.07010920847800317,-0.03622575865221827,0.668920066243645,-0.19292542303355753,-0.26103562872807795,0.1783930560165109,0.5586882377949023,-0.6988385712728573,-0.285201575259082,0.754801003310995,1.7903134244878969,1.5422127964251864,1.265297495187293,6,0,test,959,2026-10-09T14:53:13.432435+00:00,0,LogisticRegression
-1.2225292845131575,-1.2136262631317594,-1.2648359032943093,1.229977322409095,3.450573278922066,0.8886680250082402,-2.7025468036747085,0.6472781508551162,-0.040547621635479675,0.738526903421301,0.3821426954907842,0.03167432448124744,1.8054944548486014,0.5418155170745704,7,1,test,280,2026-10-09T14:53:13.432435+00:00,0,LogisticRegression
0.6927862733235044,0.692235494624501,0.6897711449999263,-0.22952972910237548,-0.03352235482300035,-0.0014251262714893337,-0.10169831923124757,0.09359119422877593,-0.4311517950717659,-0.285201575259082,1.5177791501277293,-0.2170434649027059,-1.234984052105678,1.2784203186566405,4,1,test,182,2026-10-09T14:53:13.432435+00:00,1,LogisticRegression
-1.1201059926502344,-1.1007992470725887,-1.0972981562976605,1.229977322409095,-0.7166783614396794,1.4449762445580687,-0.0216722120176017,-0.01110597575147742,2.6226626517937457,-0.7970658145992735,-0.12650940238703867,-1.0822713554508492,-0.5755309418231199,-0.6318138397827505,5,1,test,267,2026-10-09T14:53:13.432435+00:00,1,LogisticRegression
-1.3556795639349575,-1.340175483846775,-1.3206818189598588,-3.5086819357450327,-3.3809867872447295,4.337778986217188,1.9389674147167006,-6.1429373444988205,2.1910860126123937,0.738526903421301,0.8431086591925616,1.8914210810788241,1.319397578860019,1.1812078237455517,7,1,test,581,2026-10-09T14:53:13.432435+00:00,1,LogisticRegression
2.6388288187190434,2.6590848286289614,2.7560700246252607,-1.723155127272556,-0.39787222501856306,0.14692373227513225,0.1783930560165109,0.18520121796149805,-0.6824495849748312,1.2503911427614924,0.963207071191492,0.5160751182531108,1.8354695962250813,1.600620168575099,0,1,test,594,2026-10-09T14:53:13.432435+00:00,0,LogisticRegression
0.6825439441372121,0.6388713654073257,0.6897711449999263,0.3125728900304559,-0.07906608859744468,-0.5206461311846633,0.1783930560165109,0.3533207120644052,-0.5294857128599217,2.2741196214418755,-1.7213456676081296,1.2122030953390766,1.5047438697045867,1.2901617922871096,2,0,test,1259,2026-10-09T14:53:13.432435+00:00,0,LogisticRegression
-0.05490375727583417,-0.018269768667032883,-0.03622575865221827,0.10786281007819912,-0.19292542303355753,0.6661447371883061,-0.2217374800517143,-0.5144577545026959,0.9182080767990412,0.22666266408110952,1.092136248778579,1.11074314726177,0.41115079515267716,-0.7544086379832357,5,1,test,50,2026-10-09T14:53:13.432435+00:00,0,LogisticRegression
0.4572127020387813,0.4193160909138045,0.41054156667217845,-0.2029932372567111,0.28528378159811807,-0.48355891654800864,-0.1417113728380698,0.5284871310698287,-0.44207778593711633,-0.285201575259082,-0.8612290993216719,-0.26706885596859997,-1.234984052105678,0.49830299714989124,2,1,test,62,2026-10-09T14:53:13.432435+00:00,1,LogisticRegression
-1.2122869553268651,-1.167885580945609,-1.2089899876287595,1.229977322409095,0.03479324583866816,4.782825561857052,-1.8222596243246136,-1.2644519048420109,-1.9498645253555085,-0.7970658145992735,0.33269040819710705,-1.0780438576142948,-0.4671208471781842,-1.1876344812015702,5,1,test,457,2026-10-09T14:53:13.432435+00:00,1,LogisticRegression
1.7170191919527353,1.7457958743121618,1.8625353739764674,-1.1090248874157815,-0.6028190270035666,0.2581853761850993,0.33844527044379985,-0.2949963789671647,0.2571856294453264,2.7859838607820673,0.9526101524857037,0.30963230723470203,1.394335432301219,1.7370284651643713,0,0,test,1020,2026-10-09T14:53:13.432435+00:00,1,LogisticRegression
0.580120652274289,0.5916059938149705,0.46638748233772803,-0.5024765023720527,0.6951773855681251,0.14692373227513225,-0.7419071769404062,-0.25271482955206215,0.6723732823286516,-0.7970658145992735,-0.25014012062123187,-0.8222802385027508,-0.904757911274791,0.20131278179096931,0,1,test,98,2026-10-09T14:53:13.432435+00:00,1,LogisticRegression
-0.4953239122864035,-0.4817753481533554,-0.48299308397661495,0.8167662350980542,-0.17015355614633537,0.33235980545840843,-0.10169831923124757,-0.08560203900665724,-1.0648592652621045,-0.7970658145992735,1.579594509244826,-0.8782945848370971,-0.6105019400956798,-1.5961686960499475,5,1,test,248,2026-10-09T14:53:13.432435+00:00,0,LogisticRegression
0.2318814599403505,0.21195833166992337,0.019620157013331318,-0.8626146059917688,1.7882269961548112,-0.2981228433647325,-1.342102981042744,0.23452969227911766,-0.0924460782458952,-0.285201575259082,-1.000755195614547,-0.7120130032659555,-1.2339848807264622,-0.9750792747441093,6,1,test,204,2026-10-09T14:53:13.432435+00:00,1,LogisticRegression
-1.1508329802091113,-1.143490550446329,-1.2089899876287595,1.229977322409095,3.450573278922066,0.5548830932783424,-2.622520696461064,-1.5835769325702835,-0.2727249275241812,1.2503911427614924,-1.1703058949071548,0.1179857386442339,1.55869912418225,1.600620168575099,1,1,test,336,2026-10-09T14:53:13.432435+00:00,0,LogisticRegression
0.2421237891266428,0.26074839266848365,0.1871579040099801,0.30499103521741017,0.3991431160342309,0.29527259082175383,-0.5418419089062936,-0.13291710620927238,0.15338871622449488,0.22666266408110952,-0.7994137402045753,-0.18287119072389083,0.8008276330469165,0.030370739229729365,3,1,test,402,2026-10-09T14:53:13.432435+00:00,0,LogisticRegression
2.823190744072305,2.883214171341098,2.9236077716219095,-2.8718061314491163,-0.35232849124411675,0.369447020095063,0.018340841589220537,-0.5678130430503251,0.5412613919444434,-0.7970658145992735,-0.7676229840872114,-0.2734101027234319,-1.1980147110746862,-1.0793711875794514,0,1,test,593,2026-10-09T14:53:13.432435+00:00,1,LogisticRegression
-0.9869557132284343,-0.9955956780444432,-0.9856063249665613,1.229977322409095,0.03479324583866816,-0.5206461311846633,0.13838000240968726,0.2848648701542395,1.0274679854525484,-0.7970658145992735,-1.3398565941997622,-0.5101499815704809,-1.3843601732984696,1.3556032409039882,3,0,test,923,2026-10-09T14:53:13.432435+00:00,1,LogisticRegression
-0.46459692472752656,-0.45585562824787024,-0.42714716831106536,0.430091639632678,-0.4661878256802296,0.2210981615484414,0.21840610962333312,-1.2986798257970942,0.6887622686266772,-0.285201575259082,0.9402470806622848,0.191966950783937,1.2829278235186352,0.27417898579182104,3,1,test,445,2026-10-09T14:53:13.432435+00:00,0,LogisticRegression
2.126712359404428,2.180332355080589,2.085919036638666,-0.9498059363418035,0.0803369796131125,0.40653423473172084,-0.3417766408721824,-0.2547282366670666,0.07690678016704039,0.22666266408110952,-0.9707305926148143,-0.15222183140887094,-0.6020089833723437,-1.638472534865608,0,0,test,1266,2026-10-09T14:53:13.432435+00:00,1,LogisticRegression
0.4981820187839505,0.5092727658799,0.41054156667217845,0.028253334541210123,0.5585461842447901,0.14692373227513225,-0.6218680161199395,-0.4389549876900131,-0.23448395949545373,1.762255382101684,0.24438275231554046,1.754731984363564,1.7505400289917215,-1.4991288698687186,5,0,test,1055,2026-10-09T14:53:13.432435+00:00,0,LogisticRegression
-1.406891209866419,-1.4133605753446155,-1.3765277346254083,1.229977322409095,-5.658173475966994,-6.343338829139556,17.584071374984294,1.0559997952011058,-3.490429237369952,-0.285201575259082,1.5160129970100982,1.9893581142923356,0.9357157692410762,-1.1133869273618398,7,1,test,305,2026-10-09T14:53:13.432435+00:00,0,LogisticRegression
-0.22902335344280345,-0.21343001266127395,-0.2596094213144166,0.2670817611521771,0.3080556484853402,0.33235980545840843,-0.5018288552994714,-0.1017092959266966,0.4156124969929106,-0.7970658145992735,-0.18126014903360976,-0.5171958112980715,-1.5597147503508773,1.30034924734884,1,0,test,715,2026-10-09T14:53:13.432435+00:00,1,LogisticRegression
-0.9664710548558497,-0.9788240945761881,-0.9856063249665613,-0.41907609942854074,0.6040899180192344,-0.7060822043679427,-0.2617505336585365,0.7137205856502774,-0.9883773292046496,-0.7970658145992735,-1.2215243353184633,-1.2006412948743739,-0.7408938050833676,-1.5802831729028424,1,1,test,256,2026-10-09T14:53:13.432435+00:00,1,LogisticRegression
0.6620592857646275,0.6663157747190158,0.46638748233772803,-0.06272892321535173,1.2417021908614692,0.07274930300182311,-1.102024659401809,-0.01110597575147742,0.15885171165717007,0.738526903421301,-1.4475919343752737,1.1734510318373277,1.5581995384926421,-0.4170139398371117,6,0,test,1361,2026-10-09T14:53:13.432435+00:00,0,LogisticRegression
1.276599036942166,1.3920679320725997,1.304076217320972,-0.4873127927459611,-0.17015355614633537,1.0741040981915164,-0.4218027480858269,-1.225190466099416,0.6614472914633012,0.738526903421301,-0.4991677102072492,-0.8300306512031006,-1.4413129419137816,1.6258298031346354,4,1,test,345,2026-10-09T14:53:13.432435+00:00,1,LogisticRegression
0.6620592857646275,0.7440749344354712,0.5780793136688271,-1.173470653326679,0.4674587166958994,0.9999296689182072,-0.9019593913676965,-0.6876107663931149,0.7215402412227295,0.738526903421301,-1.156176669966104,0.09085929419300967,1.2104878985254752,-0.2217256063656346,0,1,test,42,2026-10-09T14:53:13.432435+00:00,0,LogisticRegression
-0.9357440672969728,-0.968151268732753,-0.9297604093010117,1.229977322409095,-0.10183795548466684,-1.6332625702843269,0.7785888601188473,1.7908933921778851,-1.174119173915611,-0.7970658145992735,-0.4355861979725212,-0.1268568443895443,-0.4866046890728962,0.8122147480350773,2,0,test,1325,2026-10-09T14:53:13.432435+00:00,0,LogisticRegression
0.14994282645001203,0.15554482364033806,0.1313119883444305,0.005507770102068607,0.12588071338755885,0.10983651763847768,-0.2617505336585365,-0.2839226398346379,0.3063525883394043,-0.7970658145992735,-1.214459722847938,-0.26037531772738887,-1.2000130538331182,1.0354754157438482,5,0,test,1026,2026-10-09T14:53:13.432435+00:00,1,LogisticRegression
-0.15732704913875728,-0.13872023175722853,-0.03622575865221827,-0.5896678327220916,-1.1038000985224643,0.369447020095063,0.7785888601188473,0.4650648069471756,-0.9555993566085978,-0.7970658145992735,-1.3716473503171263,0.6774246190149393,-0.06895105256060934,-0.37850881307836776,4,0,test,1314,2026-10-09T14:53:13.432435+00:00,1,LogisticRegression
-0.6079895333356189,-0.6220467735242161,-0.5946849153077142,1.229977322409095,-0.19292542303355753,-0.4464717019113541,0.25841916323015535,-0.01110597575147742,0.00042484410958541953,-0.7970658145992735,0.005069004876495135,0.4357526593585768,1.305409179550995,-1.3069485735347184,1,0,test,1283,2026-10-09T14:53:13.432435+00:00,0,LogisticRegression
-0.1675693783250496,-0.10822644363312837,-0.20376350564886703,-0.29776642241979584,0.35359938225978454,1.1482785274648255,-0.8619463377608743,-1.4345848060599233,0.787096186414833,-0.285201575259082,-0.46737695408988533,1.111095438748149,0.40765369532542156,0.7153475905837079,1,1,test,558,2026-10-09T14:53:13.432435+00:00,1,LogisticRegression
0.14994282645001203,0.07626097451767763,0.1313119883444305,0.9835670409850823,0.12588071338755885,-1.1511287800078043,0.33844527044379985,0.6502982615276237,-0.3983738224757136,-0.7970658145992735,1.1521854547780441,-0.27939905799188386,-1.1415615281489824,1.720106929638107,3,1,test,657,2026-10-09T14:53:13.432435+00:00,1,LogisticRegression
0.7030286025097967,0.6678404641252208,0.8573088919965751,-0.5820859779090416,-0.8760814296502386,-0.4093844872746995,0.8986280209393154,0.40667600061203446,0.208018670551248,-0.7970658145992735,-1.488213456080794,-0.280103640964643,-0.3642061951189365,-0.4180499522162707,3,1,test,349,2026-10-09T14:53:13.432435+00:00,1,LogisticRegression
-1.0791366759050651,-1.0703054589484886,-1.0972981562976605,0.14577208414343218,0.7862648531170158,0.5548830932783424,-0.9419724449745188,-1.0993525214116113,-0.37652184074501227,-0.7970658145992735,-0.24307550815070636,0.5301667777082925,1.1365492164634912,1.5783459024231796,7,0,test,853,2026-10-09T14:53:13.432435+00:00,0,LogisticRegression
-1.243013942885742,-1.2563175665054995,-1.2089899876287595,-0.7640504934221611,-1.6730967707030306,-1.8557858581042574,2.6992154332463274,-0.16915843427936003,-0.8080984799263635,-0.7970658145992735,-1.6895549114907655,-0.7761300537870314,-0.3252385113295127,1.478716045294053,7,0,test,874,2026-10-09T14:53:13.432435+00:00,0,LogisticRegression
-0.46459692472752656,-0.41468901428033506,-0.3713012526455158,0.03204426194773301,-1.1038000985224643,1.2595401713747925,0.37845832405062346,-1.1808955095693088,0.39922351069488493,-0.7970658145992735,-1.6842564521378718,-0.19731514166545172,-0.6589617519876556,-1.094738704536977,2,1,test,625,2026-10-09T14:53:13.432435+00:00,1,LogisticRegression
0.6415746273920429,0.6724145323438359,0.6339252293343768,-0.44940351868072803,0.012021378951446001,0.369447020095063,-0.2617505336585365,0.18620792151900029,0.17524069795519623,1.2503911427614924,-1.0872966983784822,0.5555317647276191,1.4782658281553622,-0.9826766988579421,6,0,test,991,2026-10-09T14:53:13.432435+00:00,0,LogisticRegression
-0.4850815831001112,-0.4924481739967905,-0.48299308397661495,0.005507770102068607,-0.03352235482300035,-0.1868611994547655,0.018340841589220537,-0.01110597575147742,0.10422175733041696,-0.7970658145992735,-0.8117768120279947,0.6820044083378731,0.8992460138996919,0.9197873667377564,6,0,test,1346,2026-10-09T14:53:13.432435+00:00,0,LogisticRegression
0.3650317393621505,0.4238901591324195,0.2988497353410793,-0.06272892321535173,0.44468684980867523,0.8144935957349277,-0.8219332841540521,-0.4600957623975644,0.19709267968589758,0.22666266408110952,0.3008996520797432,0.5713848816146985,0.24778627465086187,0.21443560526031702,5,1,test,400,2026-10-09T14:53:13.432435+00:00,1,LogisticRegression
-0.7411398127574189,-0.765367577707487,-0.7622226623043629,-0.9990879926266052,0.4219149829214531,-0.8915182775512188,-0.061685265624423946,0.19929506776653225,-0.9774513383392992,-0.7970658145992735,-0.40026313561989507,-0.4886602009013291,-1.0506369326403266,0.007405798158370871,6,1,test,643,2026-10-09T14:53:13.432435+00:00,1,LogisticRegression
0.4981820187839505,0.501649318848875,0.5780793136688271,-0.976342428187468,-0.5345034263418981,0.03566208836516524,0.33844527044379985,0.19526825353652258,-0.10883506454392133,0.22666266408110952,0.8272132811338794,0.500222001366032,1.726559915890538,1.1642862882192875,1,0,test,741,2026-10-09T14:53:13.432435+00:00,0,LogisticRegression
0.33430475180327357,0.32478534772909395,0.2988497353410793,-0.7413049289830238,0.21696818093644954,-0.11268677018145634,-0.2217374800517143,0.1690939610414587,0.10422175733041696,-0.285201575259082,0.005069004876495135,-1.0308367984394369,-1.1265739574607425,1.5721298281482257,3,0,test,888,2026-10-09T14:53:13.432435+00:00,1,LogisticRegression
1.1229640991477814,1.1374448012363634,0.9690007233276743,-1.0445791215048883,0.7407211193425695,0.14692373227513225,-0.7819202305472298,0.3140592733218101,0.18616668882054666,0.22666266408110952,-1.4052042595521217,1.2636376523504893,0.3047390432661738,0.0246726711443547,0,0,test,1238,2026-10-09T14:53:13.432435+00:00,1,LogisticRegression
0.7030286025097967,0.7593218284975213,0.745617060665476,-0.4039123898024492,-0.2840128905824482,0.6661447371883061,-0.1417113728380698,-0.6382822920754953,0.3719085335315079,-0.7970658145992735,-0.7058076249701148,-0.7965629599970444,-0.8198283440414312,-0.7822083034906696,5,0,test,1141,2026-10-09T14:53:13.432435+00:00,1,LogisticRegression
0.18066981400888896,0.12962510373485292,0.1871579040099801,0.509701115169667,-0.07906608859744468,-0.7802566336412519,0.33844527044379985,1.039892538281067,-0.7425425347342596,0.738526903421301,-0.7481952997932667,-0.0800020767010659,0.877763829246548,-1.1869438062821307,1,0,test,1282,2026-10-09T14:53:13.432435+00:00,0,LogisticRegression
0.3752740685484428,0.4238901591324195,0.46638748233772803,0.3732277285348305,-0.6255908938907888,0.6661447371883061,0.1783930560165109,-0.3725125528948519,0.32274157463743,-0.7970658145992735,-0.038201746505472096,-0.22690762652133298,-0.6399774957825518,-0.5289032767862869,0,0,test,1203,2026-10-09T14:53:13.432435+00:00,1,LogisticRegression
-1.3249525763760805,-1.306632316910265,-1.3206818189598588,1.229977322409095,0.03479324583866816,3.7814707666673595,-1.4621421418632108,-1.2644519048420109,3.015998322946369,1.2503911427614924,1.7191206055377013,0.6661512914507939,1.6860934750322902,0.037968163343562254,7,1,test,562,2026-10-09T14:53:13.432435+00:00,0,LogisticRegression
-1.140590651022819,-1.141965861040124,-1.15314407196321,1.229977322409095,0.7179492524553472,-0.1868611994547655,-0.5818549625131172,0.8677462299481504,-0.040547621635479675,0.738526903421301,0.4704503513723508,1.5433570925358417,0.8897538857971399,1.4897668440050829,7,1,test,637,2026-10-09T14:53:13.432435+00:00,0,LogisticRegression
-0.8845324213655112,-0.8919167984225026,-0.8180685779699125,1.229977322409095,-1.308746900507468,-0.37229727263804163,1.378784664221185,0.7036535500752529,-1.0484702789640785,1.2503911427614924,-0.31548778597359073,1.6300207981852075,-0.0594589244580573,-1.5996220706471442,5,1,test,630,2026-10-09T14:53:13.432435+00:00,1,LogisticRegression
1.2970836953147507,1.3249815981995794,1.415768048652071,-0.6162043245677518,-0.5572752932291203,0.2581853761850993,0.2984322168369776,-0.09768248169668693,0.19162968425322235,-0.7970658145992735,0.9738039898972798,-0.752878815685982,-0.18285658979123295,1.6273838217033738,4,1,test,80,2026-10-09T14:53:13.432435+00:00,1,LogisticRegression
1.440476303922843,1.44695675069598,1.4716139643176205,-1.4691629910354975,-0.19292542303355753,0.07274930300182311,0.018340841589220537,-0.08862214967916467,0.22440765684927413,-0.7970658145992735,0.005069004876495135,-0.3706425529641841,-1.1945176112474303,0.45409980230577257,4,0,test,1072,2026-10-09T14:53:13.432435+00:00,1,LogisticRegression
-1.1303483218365267,-1.138916482227714,-1.0972981562976605,1.229977322409095,-1.1038000985224643,-0.7802566336412519,1.378784664221185,1.9872005858908608,-2.3268112102101064,0.22666266408110952,1.6290467965385032,1.8942394129698605,0.2113165193094781,0.6024222412553738,7,1,test,120,2026-10-09T14:53:13.432435+00:00,0,LogisticRegression
-1.0176827007873113,-1.0245647767623383,-1.041452240632111,1.229977322409095,0.8545804537786843,-0.4464717019113541,-0.5818549625131172,-0.2053997623494477,0.3336675655027804,-0.285201575259082,-1.3098319912000298,1.6923763912743854,1.439797730055547,-1.1689862583767077,3,0,test,1193,2026-10-09T14:53:13.432435+00:00,0,LogisticRegression
0.283093105871812,0.28056935494914875,0.24300381967552967,-0.5745041230959959,0.26251191471089386,-0.038512340908143906,-0.3017635872653588,0.0805040479812447,-0.05966810564984293,0.738526903421301,0.9791024492501736,-0.3917800421469564,1.192003228009979,1.2271377058882686,6,0,test,1118,2026-10-09T14:53:13.432435+00:00,0,LogisticRegression
0.08848885133225816,0.06558814867424258,0.019620157013331318,-0.0437742861827331,0.5585461842447901,-0.37229727263804163,-0.4218027480858269,0.7388881745878384,-1.135878205886884,-0.7970658145992735,1.0621116457788464,-0.8074839960748101,-0.1338971922096492,1.6707236728981933,5,1,test,117,2026-10-09T14:53:13.432435+00:00,0,LogisticRegression
0.6927862733235044,0.6175257137204556,0.6897711449999263,-0.7754232756417297,-0.03352235482300035,-0.854431062914561,0.2984322168369776,0.7489552101628629,-1.0593962698294288,-0.7970658145992735,-0.9265767646740313,-1.2418593987807796,-0.24280687254419284,-1.1446399674664705,1,0,test,1110,2026-10-09T14:53:13.432435+00:00,0,LogisticRegression
-0.22902335344280345,-0.2576460054412192,-0.2596094213144166,0.2670817611521771,0.3080556484853402,-0.5948205604579757,-0.10169831923124757,0.6200971548025508,0.04412880757098812,1.2503911427614924,0.090727431081615,0.8863334704380046,0.6654399111631487,-0.9130912007244273,5,1,test,53,2026-10-09T14:53:13.432435+00:00,0,LogisticRegression
2.864160060817474,2.893886997184533,2.9236077716219095,-2.8301059299773605,-0.23846915680800387,0.18401094691178682,0.018340841589220537,-0.3634522208773303,0.4647794558869885,1.762255382101684,-1.7813948736075949,1.8692267174369135,0.6069883854790127,0.3997091523999235,0,0,test,1142,2026-10-09T14:53:13.432435+00:00,1,LogisticRegression
1.0000561489122737,1.071883156769548,0.8014629763310256,-0.2029932372567111,1.059527255763688,0.7403191664616185,-1.2620768738290995,-0.4741896122025978,0.09329576646506604,0.22666266408110952,-0.05586327768178541,1.903046700129349,1.335883906617083,-0.013659786884529406,4,0,test,1172,2026-10-09T14:53:13.432435+00:00,0,LogisticRegression
-0.9562287256695574,-0.962052511107933,-0.9856063249665613,1.229977322409095,0.9001241875531286,-0.3352100580013871,-0.6618810697267618,1.0036512102109796,-1.469120927280079,0.22666266408110952,0.05893667496425114,0.11692886418509525,-0.024487926185497357,0.5713418698806029,6,1,test,473,2026-10-09T14:53:13.432435+00:00,0,LogisticRegression
0.2318814599403505,0.21195833166992337,0.2988497353410793,0.7636932514067297,-0.511731559454676,-0.2981228433647325,0.4984974848710902,0.4419106251246192,-0.715227557570883,-0.285201575259082,1.1080316268372608,0.30963230723470203,0.5535327166909572,-0.5396087380375969,3,0,test,718,2026-10-09T14:53:13.432435+00:00,0,LogisticRegression
-0.5875048749630343,-0.6067998794621661,-0.6505308309732637,1.229977322409095,1.0139835219892415,-0.5948205604579757,-0.6618810697267618,-0.01110597575147742,-0.4803187539658438,-0.7970658145992735,0.6876871848410044,-1.0872034362601628,-0.8113353873180954,-0.14765072125576392,5,1,test,64,2026-10-09T14:53:13.432435+00:00,0,LogisticRegression
-1.3147102471897882,-1.3127310745350849,-1.2648359032943093,1.229977322409095,-3.3809867872447295,0.14692373227513225,4.019646202271468,-0.01110597575147742,-3.271909420062939,-0.7970658145992735,1.2122346607775096,-0.43722564388991664,-0.4111672499420884,1.737201133894231,7,1,test,223,2026-10-09T14:53:13.432435+00:00,0,LogisticRegression
-1.3454372347486652,-1.32645327919093,-1.3206818189598588,1.229977322409095,-2.2423934428835968,4.782825561857052,0.2984322168369776,-4.774827209853009,1.6939534282389384,-0.7970658145992735,1.1468869954251502,-0.5048656092747876,-0.9996791923003108,0.8648787106423279,7,0,test,697,2026-10-09T14:53:13.432435+00:00,1,LogisticRegression
-1.376164222307542,-1.3660952037522602,-1.3765277346254083,1.229977322409095,1.1733865901998006,3.5589474788474256,-2.1023509995723706,-3.5083941345149436,0.8089481681455349,0.22666266408110952,-0.24837396750360025,0.9983621631066977,1.0401291783691475,1.1955393283239184,7,0,test,1256,2026-10-09T14:53:13.432435+00:00,0,LogisticRegression
-1.0381673591598959,-1.0245647767623383,-1.041452240632111,1.229977322409095,0.19419631404922735,0.7774063810982732,-0.5818549625131172,0.5747954947149408,-1.2451381145403906,-0.7970658145992735,0.6347025913120645,-0.13037975925333972,-0.5260719585519279,0.6816771882610395,6,1,test,74,2026-10-09T14:53:13.432435+00:00,1,LogisticRegression
0.4674550312250736,0.44676050022549463,0.5780793136688271,-0.19541138244366532,-0.7166783614396794,-0.26103562872807795,0.6985627529052028,-0.03526686113153539,0.38829751982953453,-0.285201575259082,0.2408504460802782,-0.4957060306289197,-1.0246584767807108,0.28661113434172936,1,1,test,525,2026-10-09T14:53:13.432435+00:00,1,LogisticRegression
0.6006053106468736,0.6327726077825057,0.5780793136688271,-1.2454982740506222,0.10310884650033668,0.40653423473172084,-0.3817896944790046,-0.5003639046976617,0.3555195472334822,-0.285201575259082,0.9049240183096582,1.1914178976426837,0.26826928792478977,-0.3322335934759311,5,1,test,71,2026-10-09T14:53:13.432435+00:00,1,LogisticRegression
-1.1918022969542805,-1.2060028161007343,-1.15314407196321,1.229977322409095,-1.5592374362669177,-1.5590881410110145,2.3390979507849257,0.87177304417816,0.5467243873771187,-0.7970658145992735,0.06953359367003893,-0.6338042932896983,-1.2709542217574539,-1.4288526968157642,7,1,test,487,2026-10-09T14:53:13.432435+00:00,0,LogisticRegression
1.4302339747365507,1.5064196375379755,1.3599221329865214,-1.4767448458485435,0.26251191471089386,0.6661447371883061,-0.6218680161199395,-0.6795571379330956,-0.040547621635479675,-0.7970658145992735,0.2903027333739554,-1.0794530235598128,-0.2957629556426407,-1.0204911506972467,4,1,test,106,2026-10-09T14:53:13.432435+00:00,1,LogisticRegression
0.6927862733235044,0.6876614264058859,0.6897711449999263,-0.22952972910237548,-0.03352235482300035,-0.038512340908143906,-0.061685265624423946,0.3805017081169706,-1.0593962698294288,1.762255382101684,-1.5129395997276327,0.2765169075150256,0.8617770871790923,-0.11657034988099302,0,0,test,754,2026-10-09T14:53:13.432435+00:00,0,LogisticRegression
-1.2839832596309113,-1.2608916347241146,-1.2648359032943093,1.229977322409095,-1.1038000985224643,3.5589474788474256,-0.46181580169264913,-2.555045865560135,-0.1416130371399731,-0.7970658145992735,0.05893667496425114,-1.2820206282280466,-0.4516336908003363,0.22134235445471054,3,0,test,1236,2026-10-09T14:53:13.432435+00:00,1,LogisticRegression
-0.7001704960122497,-0.6586393192731363,-0.7622226623043629,0.7030384129023551,1.1733865901998006,1.3708018152847596,-1.5421682490768565,-0.7882811221433585,0.8089481681455349,-0.7970658145992735,0.08013051237582673,-1.0819190639644696,-0.29776129840107274,1.328321581586134,5,1,test,213,2026-10-09T14:53:13.432435+00:00,1,LogisticRegression
0.4674550312250736,0.45285925785031467,0.41054156667217845,0.005507770102068607,0.35359938225978454,-0.1868611994547655,-0.3017635872653588,-0.128890291979262,0.02227682584028677,-0.7970658145992735,-0.6616537970293316,-0.4541356352361343,-0.9966816781626627,-1.492222120674325,1,0,test,704,2026-10-09T14:53:13.432435+00:00,1,LogisticRegression
